annotation_case_id,region,is_shared
MURA_TT_0040,XR_ELBOW,true
MURA_TT_0041,XR_ELBOW,true
MURA_TT_0056,XR_WRIST,true
MURA_TT_0058,XR_WRIST,true
MURA_TT_0062,XR_FOREARM,true
MURA_TT_0075,XR_HAND,true
MURA_TT_0092,XR_WRIST,true
MURA_TT_0094,XR_FINGER,true
MURA_TT_0106,XR_HAND,true
MURA_TT_0165,XR_WRIST,true
MURA_TT_0196,XR_FINGER,true
MURA_TT_0215,XR_FOREARM,true
MURA_TT_0224,XR_HUMERUS,true
MURA_TT_0228,XR_ELBOW,true
MURA_TT_0230,XR_FINGER,true
MURA_TT_0258,XR_FOREARM,true
MURA_TT_0295,XR_FOREARM,true
MURA_TT_0310,XR_ELBOW,true
MURA_TT_0318,XR_SHOULDER,true
MURA_TT_0320,XR_SHOULDER,true
MURA_TT_0342,XR_FINGER,true
MURA_TT_0353,XR_SHOULDER,true
MURA_TT_0361,XR_FINGER,true
MURA_TT_0389,XR_FOREARM,true
MURA_TT_0400,XR_FINGER,true
MURA_TT_0406,XR_HUMERUS,true
MURA_TT_0422,XR_FINGER,true
MURA_TT_0426,XR_WRIST,true
MURA_TT_0445,XR_SHOULDER,true
MURA_TT_0457,XR_FINGER,true
MURA_TT_0482,XR_SHOULDER,true
MURA_TT_0511,XR_ELBOW,true
MURA_TT_0548,XR_WRIST,true
MURA_TT_0564,XR_HAND,true
MURA_TT_0573,XR_SHOULDER,true
MURA_TT_0612,XR_FOREARM,true
MURA_TT_0657,XR_SHOULDER,true
MURA_TT_0665,XR_HUMERUS,true
MURA_TT_0679,XR_HAND,true
MURA_TT_0690,XR_WRIST,true
MURA_TT_0712,XR_SHOULDER,true
MURA_TT_0713,XR_HUMERUS,true
MURA_TT_0715,XR_HAND,true
MURA_TT_0719,XR_FINGER,true
MURA_TT_0745,XR_ELBOW,true
MURA_TT_0773,XR_HUMERUS,true
MURA_TT_0806,XR_HAND,true
MURA_TT_0808,XR_WRIST,true
MURA_TT_0814,XR_ELBOW,true
MURA_TT_0822,XR_FOREARM,true
MURA_TT_0840,XR_HUMERUS,true
MURA_TT_0867,XR_FINGER,true
MURA_TT_0892,XR_SHOULDER,true
MURA_TT_0901,XR_HAND,true
MURA_TT_0910,XR_HUMERUS,true
MURA_TT_0913,XR_SHOULDER,true
MURA_TT_0920,XR_WRIST,true
MURA_TT_0931,XR_SHOULDER,true
MURA_TT_0932,XR_WRIST,true
MURA_TT_0949,XR_HAND,true
MURA_TT_0965,XR_SHOULDER,true
MURA_TT_0976,XR_FINGER,true
MURA_TT_0981,XR_FOREARM,true
MURA_TT_0989,XR_HUMERUS,true
MURA_TT_1031,XR_WRIST,true
MURA_TT_1062,XR_WRIST,true
MURA_TT_1085,XR_WRIST,true
MURA_TT_1098,XR_ELBOW,true
MURA_TT_1119,XR_ELBOW,true
MURA_TT_1136,XR_WRIST,true
MURA_TT_1169,XR_WRIST,true
MURA_TT_1219,XR_FINGER,true
MURA_TT_1236,XR_FOREARM,true
MURA_TT_1257,XR_WRIST,true
MURA_TT_1280,XR_WRIST,true
MURA_TT_1300,XR_FINGER,true
MURA_TT_1304,XR_SHOULDER,true
MURA_TT_1311,XR_SHOULDER,true
MURA_TT_1438,XR_ELBOW,true
MURA_TT_1468,XR_HAND,true
MURA_TT_1474,XR_HUMERUS,true
MURA_TT_1490,XR_HAND,true
MURA_TT_1524,XR_SHOULDER,true
MURA_TT_1554,XR_SHOULDER,true
MURA_TT_1591,XR_WRIST,true
MURA_TT_1604,XR_ELBOW,true
MURA_TT_1632,XR_HAND,true
MURA_TT_1639,XR_WRIST,true
MURA_TT_1668,XR_HAND,true
MURA_TT_1689,XR_ELBOW,true
MURA_TT_1740,XR_WRIST,true
MURA_TT_1809,XR_FOREARM,true
MURA_TT_1835,XR_FOREARM,true
MURA_TT_1865,XR_FOREARM,true
MURA_TT_1871,XR_WRIST,true
MURA_TT_1892,XR_SHOULDER,true
MURA_TT_1899,XR_ELBOW,true
MURA_TT_1915,XR_SHOULDER,true
MURA_TT_1941,XR_WRIST,true
MURA_TT_1986,XR_ELBOW,true
