specialist_code,annotation_case_id,assignment_type,presentation_order
SPECIALIST_01,MURA_TT_0948,EXCLUSIVE,1
SPECIALIST_01,MURA_TT_0723,EXCLUSIVE,2
SPECIALIST_01,MURA_TT_0265,EXCLUSIVE,3
SPECIALIST_01,MURA_TT_1716,EXCLUSIVE,4
SPECIALIST_01,MURA_TT_1461,EXCLUSIVE,5
SPECIALIST_01,MURA_TT_0672,EXCLUSIVE,6
SPECIALIST_01,MURA_TT_1645,EXCLUSIVE,7
SPECIALIST_01,MURA_TT_1491,EXCLUSIVE,8
SPECIALIST_01,MURA_TT_1814,EXCLUSIVE,9
SPECIALIST_01,MURA_TT_1105,EXCLUSIVE,10
SPECIALIST_01,MURA_TT_1326,EXCLUSIVE,11
SPECIALIST_01,MURA_TT_1146,EXCLUSIVE,12
SPECIALIST_01,MURA_TT_0788,EXCLUSIVE,13
SPECIALIST_01,MURA_TT_1574,EXCLUSIVE,14
SPECIALIST_01,MURA_TT_0165,SHARED,15
SPECIALIST_01,MURA_TT_0215,SHARED,16
SPECIALIST_01,MURA_TT_1302,EXCLUSIVE,17
SPECIALIST_01,MURA_TT_1116,EXCLUSIVE,18
SPECIALIST_01,MURA_TT_1568,EXCLUSIVE,19
SPECIALIST_01,MURA_TT_1289,EXCLUSIVE,20
SPECIALIST_01,MURA_TT_1349,EXCLUSIVE,21
SPECIALIST_01,MURA_TT_0273,EXCLUSIVE,22
SPECIALIST_01,MURA_TT_0545,EXCLUSIVE,23
SPECIALIST_01,MURA_TT_0281,EXCLUSIVE,24
SPECIALIST_01,MURA_TT_0407,EXCLUSIVE,25
SPECIALIST_01,MURA_TT_0585,EXCLUSIVE,26
SPECIALIST_01,MURA_TT_1889,EXCLUSIVE,27
SPECIALIST_01,MURA_TT_1327,EXCLUSIVE,28
SPECIALIST_01,MURA_TT_1257,SHARED,29
SPECIALIST_01,MURA_TT_0295,SHARED,30
SPECIALIST_01,MURA_TT_0400,SHARED,31
SPECIALIST_01,MURA_TT_0087,EXCLUSIVE,32
SPECIALIST_01,MURA_TT_1034,EXCLUSIVE,33
SPECIALIST_01,MURA_TT_0592,EXCLUSIVE,34
SPECIALIST_01,MURA_TT_0223,EXCLUSIVE,35
SPECIALIST_01,MURA_TT_0315,EXCLUSIVE,36
SPECIALIST_01,MURA_TT_1806,EXCLUSIVE,37
SPECIALIST_01,MURA_TT_0278,EXCLUSIVE,38
SPECIALIST_01,MURA_TT_0849,EXCLUSIVE,39
SPECIALIST_01,MURA_TT_1024,EXCLUSIVE,40
SPECIALIST_01,MURA_TT_0881,EXCLUSIVE,41
SPECIALIST_01,MURA_TT_0076,EXCLUSIVE,42
SPECIALIST_01,MURA_TT_0671,EXCLUSIVE,43
SPECIALIST_01,MURA_TT_1550,EXCLUSIVE,44
SPECIALIST_01,MURA_TT_0883,EXCLUSIVE,45
SPECIALIST_01,MURA_TT_1334,EXCLUSIVE,46
SPECIALIST_01,MURA_TT_1913,EXCLUSIVE,47
SPECIALIST_01,MURA_TT_0209,EXCLUSIVE,48
SPECIALIST_01,MURA_TT_1894,EXCLUSIVE,49
SPECIALIST_01,MURA_TT_1946,EXCLUSIVE,50
SPECIALIST_01,MURA_TT_1821,EXCLUSIVE,51
SPECIALIST_01,MURA_TT_0206,EXCLUSIVE,52
SPECIALIST_01,MURA_TT_0033,EXCLUSIVE,53
SPECIALIST_01,MURA_TT_1383,EXCLUSIVE,54
SPECIALIST_01,MURA_TT_1899,SHARED,55
SPECIALIST_01,MURA_TT_0717,EXCLUSIVE,56
SPECIALIST_01,MURA_TT_0544,EXCLUSIVE,57
SPECIALIST_01,MURA_TT_1136,SHARED,58
SPECIALIST_01,MURA_TT_0289,EXCLUSIVE,59
SPECIALIST_01,MURA_TT_1839,EXCLUSIVE,60
SPECIALIST_01,MURA_TT_1074,EXCLUSIVE,61
SPECIALIST_01,MURA_TT_1613,EXCLUSIVE,62
SPECIALIST_01,MURA_TT_1291,EXCLUSIVE,63
SPECIALIST_01,MURA_TT_0245,EXCLUSIVE,64
SPECIALIST_01,MURA_TT_0442,EXCLUSIVE,65
SPECIALIST_01,MURA_TT_0725,EXCLUSIVE,66
SPECIALIST_01,MURA_TT_0242,EXCLUSIVE,67
SPECIALIST_01,MURA_TT_1305,EXCLUSIVE,68
SPECIALIST_01,MURA_TT_0426,SHARED,69
SPECIALIST_01,MURA_TT_1111,EXCLUSIVE,70
SPECIALIST_01,MURA_TT_1119,SHARED,71
SPECIALIST_01,MURA_TT_0897,EXCLUSIVE,72
SPECIALIST_01,MURA_TT_1518,EXCLUSIVE,73
SPECIALIST_01,MURA_TT_1734,EXCLUSIVE,74
SPECIALIST_01,MURA_TT_1408,EXCLUSIVE,75
SPECIALIST_01,MURA_TT_0318,SHARED,76
SPECIALIST_01,MURA_TT_0877,EXCLUSIVE,77
SPECIALIST_01,MURA_TT_1382,EXCLUSIVE,78
SPECIALIST_01,MURA_TT_0746,EXCLUSIVE,79
SPECIALIST_01,MURA_TT_0238,EXCLUSIVE,80
SPECIALIST_01,MURA_TT_0395,EXCLUSIVE,81
SPECIALIST_01,MURA_TT_0346,EXCLUSIVE,82
SPECIALIST_01,MURA_TT_1933,EXCLUSIVE,83
SPECIALIST_01,MURA_TT_1683,EXCLUSIVE,84
SPECIALIST_01,MURA_TT_0611,EXCLUSIVE,85
SPECIALIST_01,MURA_TT_0683,EXCLUSIVE,86
SPECIALIST_01,MURA_TT_0348,EXCLUSIVE,87
SPECIALIST_01,MURA_TT_1153,EXCLUSIVE,88
SPECIALIST_01,MURA_TT_0634,EXCLUSIVE,89
SPECIALIST_01,MURA_TT_1915,SHARED,90
SPECIALIST_01,MURA_TT_0040,SHARED,91
SPECIALIST_01,MURA_TT_1377,EXCLUSIVE,92
SPECIALIST_01,MURA_TT_1247,EXCLUSIVE,93
SPECIALIST_01,MURA_TT_0365,EXCLUSIVE,94
SPECIALIST_01,MURA_TT_0333,EXCLUSIVE,95
SPECIALIST_01,MURA_TT_1217,EXCLUSIVE,96
SPECIALIST_01,MURA_TT_0709,EXCLUSIVE,97
SPECIALIST_01,MURA_TT_0391,EXCLUSIVE,98
SPECIALIST_01,MURA_TT_0895,EXCLUSIVE,99
SPECIALIST_01,MURA_TT_0015,EXCLUSIVE,100
SPECIALIST_01,MURA_TT_0092,SHARED,101
SPECIALIST_01,MURA_TT_0424,EXCLUSIVE,102
SPECIALIST_01,MURA_TT_0312,EXCLUSIVE,103
SPECIALIST_01,MURA_TT_0665,SHARED,104
SPECIALIST_01,MURA_TT_1809,SHARED,105
SPECIALIST_01,MURA_TT_1266,EXCLUSIVE,106
SPECIALIST_01,MURA_TT_1096,EXCLUSIVE,107
SPECIALIST_01,MURA_TT_0757,EXCLUSIVE,108
SPECIALIST_01,MURA_TT_0573,SHARED,109
SPECIALIST_01,MURA_TT_1294,EXCLUSIVE,110
SPECIALIST_01,MURA_TT_1730,EXCLUSIVE,111
SPECIALIST_01,MURA_TT_1820,EXCLUSIVE,112
SPECIALIST_01,MURA_TT_1731,EXCLUSIVE,113
SPECIALIST_01,MURA_TT_1727,EXCLUSIVE,114
SPECIALIST_01,MURA_TT_1631,EXCLUSIVE,115
SPECIALIST_01,MURA_TT_1225,EXCLUSIVE,116
SPECIALIST_01,MURA_TT_1507,EXCLUSIVE,117
SPECIALIST_01,MURA_TT_1025,EXCLUSIVE,118
SPECIALIST_01,MURA_TT_1393,EXCLUSIVE,119
SPECIALIST_01,MURA_TT_1043,EXCLUSIVE,120
SPECIALIST_01,MURA_TT_0570,EXCLUSIVE,121
SPECIALIST_01,MURA_TT_1117,EXCLUSIVE,122
SPECIALIST_01,MURA_TT_1614,EXCLUSIVE,123
SPECIALIST_01,MURA_TT_1504,EXCLUSIVE,124
SPECIALIST_01,MURA_TT_1656,EXCLUSIVE,125
SPECIALIST_01,MURA_TT_0174,EXCLUSIVE,126
SPECIALIST_01,MURA_TT_0989,SHARED,127
SPECIALIST_01,MURA_TT_1900,EXCLUSIVE,128
SPECIALIST_01,MURA_TT_0361,SHARED,129
SPECIALIST_01,MURA_TT_0695,EXCLUSIVE,130
SPECIALIST_01,MURA_TT_1469,EXCLUSIVE,131
SPECIALIST_01,MURA_TT_1665,EXCLUSIVE,132
SPECIALIST_01,MURA_TT_0804,EXCLUSIVE,133
SPECIALIST_01,MURA_TT_1776,EXCLUSIVE,134
SPECIALIST_01,MURA_TT_1290,EXCLUSIVE,135
SPECIALIST_01,MURA_TT_1914,EXCLUSIVE,136
SPECIALIST_01,MURA_TT_1085,SHARED,137
SPECIALIST_01,MURA_TT_0510,EXCLUSIVE,138
SPECIALIST_01,MURA_TT_0198,EXCLUSIVE,139
SPECIALIST_01,MURA_TT_1830,EXCLUSIVE,140
SPECIALIST_01,MURA_TT_1902,EXCLUSIVE,141
SPECIALIST_01,MURA_TT_1539,EXCLUSIVE,142
SPECIALIST_01,MURA_TT_0575,EXCLUSIVE,143
SPECIALIST_01,MURA_TT_1429,EXCLUSIVE,144
SPECIALIST_01,MURA_TT_1006,EXCLUSIVE,145
SPECIALIST_01,MURA_TT_1958,EXCLUSIVE,146
SPECIALIST_01,MURA_TT_0953,EXCLUSIVE,147
SPECIALIST_01,MURA_TT_1874,EXCLUSIVE,148
SPECIALIST_01,MURA_TT_1280,SHARED,149
SPECIALIST_01,MURA_TT_1224,EXCLUSIVE,150
SPECIALIST_01,MURA_TT_0017,EXCLUSIVE,151
SPECIALIST_01,MURA_TT_1684,EXCLUSIVE,152
SPECIALIST_01,MURA_TT_1919,EXCLUSIVE,153
SPECIALIST_01,MURA_TT_1499,EXCLUSIVE,154
SPECIALIST_01,MURA_TT_0690,SHARED,155
SPECIALIST_01,MURA_TT_0342,SHARED,156
SPECIALIST_01,MURA_TT_0322,EXCLUSIVE,157
SPECIALIST_01,MURA_TT_0628,EXCLUSIVE,158
SPECIALIST_01,MURA_TT_1918,EXCLUSIVE,159
SPECIALIST_01,MURA_TT_0822,SHARED,160
SPECIALIST_01,MURA_TT_0074,EXCLUSIVE,161
SPECIALIST_01,MURA_TT_0868,EXCLUSIVE,162
SPECIALIST_01,MURA_TT_0272,EXCLUSIVE,163
SPECIALIST_01,MURA_TT_0454,EXCLUSIVE,164
SPECIALIST_01,MURA_TT_0373,EXCLUSIVE,165
SPECIALIST_01,MURA_TT_0256,EXCLUSIVE,166
SPECIALIST_01,MURA_TT_0418,EXCLUSIVE,167
SPECIALIST_01,MURA_TT_1265,EXCLUSIVE,168
SPECIALIST_01,MURA_TT_0106,SHARED,169
SPECIALIST_01,MURA_TT_0736,EXCLUSIVE,170
SPECIALIST_01,MURA_TT_0860,EXCLUSIVE,171
SPECIALIST_01,MURA_TT_1723,EXCLUSIVE,172
SPECIALIST_01,MURA_TT_0985,EXCLUSIVE,173
SPECIALIST_01,MURA_TT_0715,SHARED,174
SPECIALIST_01,MURA_TT_1166,EXCLUSIVE,175
SPECIALIST_01,MURA_TT_1981,EXCLUSIVE,176
SPECIALIST_01,MURA_TT_1811,EXCLUSIVE,177
SPECIALIST_01,MURA_TT_1098,SHARED,178
SPECIALIST_01,MURA_TT_0515,EXCLUSIVE,179
SPECIALIST_01,MURA_TT_0462,EXCLUSIVE,180
SPECIALIST_01,MURA_TT_1448,EXCLUSIVE,181
SPECIALIST_01,MURA_TT_1411,EXCLUSIVE,182
SPECIALIST_01,MURA_TT_1710,EXCLUSIVE,183
SPECIALIST_01,MURA_TT_0130,EXCLUSIVE,184
SPECIALIST_01,MURA_TT_0626,EXCLUSIVE,185
SPECIALIST_01,MURA_TT_1048,EXCLUSIVE,186
SPECIALIST_01,MURA_TT_0787,EXCLUSIVE,187
SPECIALIST_01,MURA_TT_0063,EXCLUSIVE,188
SPECIALIST_01,MURA_TT_0284,EXCLUSIVE,189
SPECIALIST_01,MURA_TT_1397,EXCLUSIVE,190
SPECIALIST_01,MURA_TT_1553,EXCLUSIVE,191
SPECIALIST_01,MURA_TT_1836,EXCLUSIVE,192
SPECIALIST_01,MURA_TT_0898,EXCLUSIVE,193
SPECIALIST_01,MURA_TT_1974,EXCLUSIVE,194
SPECIALIST_01,MURA_TT_0616,EXCLUSIVE,195
SPECIALIST_01,MURA_TT_1254,EXCLUSIVE,196
SPECIALIST_01,MURA_TT_0769,EXCLUSIVE,197
SPECIALIST_01,MURA_TT_1551,EXCLUSIVE,198
SPECIALIST_01,MURA_TT_1509,EXCLUSIVE,199
SPECIALIST_01,MURA_TT_0880,EXCLUSIVE,200
SPECIALIST_01,MURA_TT_1338,EXCLUSIVE,201
SPECIALIST_01,MURA_TT_1160,EXCLUSIVE,202
SPECIALIST_01,MURA_TT_1344,EXCLUSIVE,203
SPECIALIST_01,MURA_TT_0893,EXCLUSIVE,204
SPECIALIST_01,MURA_TT_0564,SHARED,205
SPECIALIST_01,MURA_TT_1368,EXCLUSIVE,206
SPECIALIST_01,MURA_TT_1501,EXCLUSIVE,207
SPECIALIST_01,MURA_TT_0833,EXCLUSIVE,208
SPECIALIST_01,MURA_TT_0799,EXCLUSIVE,209
SPECIALIST_01,MURA_TT_1834,EXCLUSIVE,210
SPECIALIST_01,MURA_TT_0068,EXCLUSIVE,211
SPECIALIST_01,MURA_TT_0676,EXCLUSIVE,212
SPECIALIST_01,MURA_TT_0069,EXCLUSIVE,213
SPECIALIST_01,MURA_TT_0053,EXCLUSIVE,214
SPECIALIST_01,MURA_TT_0894,EXCLUSIVE,215
SPECIALIST_01,MURA_TT_0548,SHARED,216
SPECIALIST_01,MURA_TT_1797,EXCLUSIVE,217
SPECIALIST_01,MURA_TT_1740,SHARED,218
SPECIALIST_01,MURA_TT_0727,EXCLUSIVE,219
SPECIALIST_01,MURA_TT_0249,EXCLUSIVE,220
SPECIALIST_01,MURA_TT_1746,EXCLUSIVE,221
SPECIALIST_01,MURA_TT_1389,EXCLUSIVE,222
SPECIALIST_01,MURA_TT_1989,EXCLUSIVE,223
SPECIALIST_01,MURA_TT_1438,SHARED,224
SPECIALIST_01,MURA_TT_0386,EXCLUSIVE,225
SPECIALIST_01,MURA_TT_1581,EXCLUSIVE,226
SPECIALIST_01,MURA_TT_1243,EXCLUSIVE,227
SPECIALIST_01,MURA_TT_1714,EXCLUSIVE,228
SPECIALIST_01,MURA_TT_0512,EXCLUSIVE,229
SPECIALIST_01,MURA_TT_1906,EXCLUSIVE,230
SPECIALIST_01,MURA_TT_0102,EXCLUSIVE,231
SPECIALIST_01,MURA_TT_0530,EXCLUSIVE,232
SPECIALIST_01,MURA_TT_1283,EXCLUSIVE,233
SPECIALIST_01,MURA_TT_0846,EXCLUSIVE,234
SPECIALIST_01,MURA_TT_0105,EXCLUSIVE,235
SPECIALIST_01,MURA_TT_1013,EXCLUSIVE,236
SPECIALIST_01,MURA_TT_1216,EXCLUSIVE,237
SPECIALIST_01,MURA_TT_0310,SHARED,238
SPECIALIST_01,MURA_TT_1174,EXCLUSIVE,239
SPECIALIST_01,MURA_TT_0599,EXCLUSIVE,240
SPECIALIST_01,MURA_TT_0651,EXCLUSIVE,241
SPECIALIST_01,MURA_TT_0294,EXCLUSIVE,242
SPECIALIST_01,MURA_TT_0745,SHARED,243
SPECIALIST_01,MURA_TT_0522,EXCLUSIVE,244
SPECIALIST_01,MURA_TT_1132,EXCLUSIVE,245
SPECIALIST_01,MURA_TT_0811,EXCLUSIVE,246
SPECIALIST_01,MURA_TT_1792,EXCLUSIVE,247
SPECIALIST_01,MURA_TT_0674,EXCLUSIVE,248
SPECIALIST_01,MURA_TT_0093,EXCLUSIVE,249
SPECIALIST_01,MURA_TT_0905,EXCLUSIVE,250
SPECIALIST_01,MURA_TT_0366,EXCLUSIVE,251
SPECIALIST_01,MURA_TT_1190,EXCLUSIVE,252
SPECIALIST_01,MURA_TT_0172,EXCLUSIVE,253
SPECIALIST_01,MURA_TT_0507,EXCLUSIVE,254
SPECIALIST_01,MURA_TT_0187,EXCLUSIVE,255
SPECIALIST_01,MURA_TT_0224,SHARED,256
SPECIALIST_01,MURA_TT_0501,EXCLUSIVE,257
SPECIALIST_01,MURA_TT_0620,EXCLUSIVE,258
SPECIALIST_01,MURA_TT_0981,SHARED,259
SPECIALIST_01,MURA_TT_1662,EXCLUSIVE,260
SPECIALIST_01,MURA_TT_1018,EXCLUSIVE,261
SPECIALIST_01,MURA_TT_1955,EXCLUSIVE,262
SPECIALIST_01,MURA_TT_0030,EXCLUSIVE,263
SPECIALIST_01,MURA_TT_0642,EXCLUSIVE,264
SPECIALIST_01,MURA_TT_0321,EXCLUSIVE,265
SPECIALIST_01,MURA_TT_1234,EXCLUSIVE,266
SPECIALIST_01,MURA_TT_0095,EXCLUSIVE,267
SPECIALIST_01,MURA_TT_0120,EXCLUSIVE,268
SPECIALIST_01,MURA_TT_1813,EXCLUSIVE,269
SPECIALIST_01,MURA_TT_1263,EXCLUSIVE,270
SPECIALIST_01,MURA_TT_0147,EXCLUSIVE,271
SPECIALIST_01,MURA_TT_1865,SHARED,272
SPECIALIST_01,MURA_TT_0939,EXCLUSIVE,273
SPECIALIST_01,MURA_TT_0041,SHARED,274
SPECIALIST_01,MURA_TT_0574,EXCLUSIVE,275
SPECIALIST_01,MURA_TT_0535,EXCLUSIVE,276
SPECIALIST_01,MURA_TT_0258,SHARED,277
SPECIALIST_01,MURA_TT_1999,EXCLUSIVE,278
SPECIALIST_01,MURA_TT_1800,EXCLUSIVE,279
SPECIALIST_01,MURA_TT_1632,SHARED,280
SPECIALIST_01,MURA_TT_0976,SHARED,281
SPECIALIST_01,MURA_TT_1818,EXCLUSIVE,282
SPECIALIST_01,MURA_TT_1796,EXCLUSIVE,283
SPECIALIST_01,MURA_TT_0773,SHARED,284
SPECIALIST_01,MURA_TT_0982,EXCLUSIVE,285
SPECIALIST_01,MURA_TT_1732,EXCLUSIVE,286
SPECIALIST_01,MURA_TT_0189,EXCLUSIVE,287
SPECIALIST_01,MURA_TT_0924,EXCLUSIVE,288
SPECIALIST_01,MURA_TT_1510,EXCLUSIVE,289
SPECIALIST_01,MURA_TT_0086,EXCLUSIVE,290
SPECIALIST_01,MURA_TT_0909,EXCLUSIVE,291
SPECIALIST_01,MURA_TT_0244,EXCLUSIVE,292
SPECIALIST_01,MURA_TT_1885,EXCLUSIVE,293
SPECIALIST_01,MURA_TT_1169,SHARED,294
SPECIALIST_01,MURA_TT_1708,EXCLUSIVE,295
SPECIALIST_01,MURA_TT_0996,EXCLUSIVE,296
SPECIALIST_01,MURA_TT_0918,EXCLUSIVE,297
SPECIALIST_01,MURA_TT_1530,EXCLUSIVE,298
SPECIALIST_01,MURA_TT_0990,EXCLUSIVE,299
SPECIALIST_01,MURA_TT_1337,EXCLUSIVE,300
SPECIALIST_01,MURA_TT_0910,SHARED,301
SPECIALIST_01,MURA_TT_1399,EXCLUSIVE,302
SPECIALIST_01,MURA_TT_1653,EXCLUSIVE,303
SPECIALIST_01,MURA_TT_1988,EXCLUSIVE,304
SPECIALIST_01,MURA_TT_0192,EXCLUSIVE,305
SPECIALIST_01,MURA_TT_1937,EXCLUSIVE,306
SPECIALIST_01,MURA_TT_0320,SHARED,307
SPECIALIST_01,MURA_TT_0654,EXCLUSIVE,308
SPECIALIST_01,MURA_TT_0867,SHARED,309
SPECIALIST_01,MURA_TT_0613,EXCLUSIVE,310
SPECIALIST_01,MURA_TT_0012,EXCLUSIVE,311
SPECIALIST_01,MURA_TT_1443,EXCLUSIVE,312
SPECIALIST_01,MURA_TT_0758,EXCLUSIVE,313
SPECIALIST_01,MURA_TT_0680,EXCLUSIVE,314
SPECIALIST_01,MURA_TT_0891,EXCLUSIVE,315
SPECIALIST_01,MURA_TT_1287,EXCLUSIVE,316
SPECIALIST_01,MURA_TT_1589,EXCLUSIVE,317
SPECIALIST_01,MURA_TT_0422,SHARED,318
SPECIALIST_01,MURA_TT_1786,EXCLUSIVE,319
SPECIALIST_01,MURA_TT_0965,SHARED,320
SPECIALIST_01,MURA_TT_1622,EXCLUSIVE,321
SPECIALIST_01,MURA_TT_0808,SHARED,322
SPECIALIST_01,MURA_TT_0387,EXCLUSIVE,323
SPECIALIST_01,MURA_TT_0572,EXCLUSIVE,324
SPECIALIST_01,MURA_TT_0331,EXCLUSIVE,325
SPECIALIST_01,MURA_TT_1304,SHARED,326
SPECIALIST_01,MURA_TT_0814,SHARED,327
SPECIALIST_01,MURA_TT_0508,EXCLUSIVE,328
SPECIALIST_01,MURA_TT_1046,EXCLUSIVE,329
SPECIALIST_01,MURA_TT_0933,EXCLUSIVE,330
SPECIALIST_01,MURA_TT_1739,EXCLUSIVE,331
SPECIALIST_01,MURA_TT_1324,EXCLUSIVE,332
SPECIALIST_01,MURA_TT_0406,SHARED,333
SPECIALIST_01,MURA_TT_0843,EXCLUSIVE,334
SPECIALIST_01,MURA_TT_0920,SHARED,335
SPECIALIST_01,MURA_TT_0023,EXCLUSIVE,336
SPECIALIST_01,MURA_TT_0598,EXCLUSIVE,337
SPECIALIST_01,MURA_TT_1745,EXCLUSIVE,338
SPECIALIST_01,MURA_TT_1650,EXCLUSIVE,339
SPECIALIST_01,MURA_TT_0389,SHARED,340
SPECIALIST_01,MURA_TT_0075,SHARED,341
SPECIALIST_01,MURA_TT_0847,EXCLUSIVE,342
SPECIALIST_01,MURA_TT_0062,SHARED,343
SPECIALIST_01,MURA_TT_0852,EXCLUSIVE,344
SPECIALIST_01,MURA_TT_1866,EXCLUSIVE,345
SPECIALIST_01,MURA_TT_0649,EXCLUSIVE,346
SPECIALIST_01,MURA_TT_1328,EXCLUSIVE,347
SPECIALIST_01,MURA_TT_1924,EXCLUSIVE,348
SPECIALIST_01,MURA_TT_0670,EXCLUSIVE,349
SPECIALIST_01,MURA_TT_0113,EXCLUSIVE,350
SPECIALIST_01,MURA_TT_1805,EXCLUSIVE,351
SPECIALIST_01,MURA_TT_1162,EXCLUSIVE,352
SPECIALIST_01,MURA_TT_0433,EXCLUSIVE,353
SPECIALIST_01,MURA_TT_1274,EXCLUSIVE,354
SPECIALIST_01,MURA_TT_0913,SHARED,355
SPECIALIST_01,MURA_TT_0986,EXCLUSIVE,356
SPECIALIST_01,MURA_TT_0353,SHARED,357
SPECIALIST_01,MURA_TT_0351,EXCLUSIVE,358
SPECIALIST_01,MURA_TT_0915,EXCLUSIVE,359
SPECIALIST_01,MURA_TT_1571,EXCLUSIVE,360
SPECIALIST_01,MURA_TT_0737,EXCLUSIVE,361
SPECIALIST_01,MURA_TT_0423,EXCLUSIVE,362
SPECIALIST_01,MURA_TT_1513,EXCLUSIVE,363
SPECIALIST_01,MURA_TT_1180,EXCLUSIVE,364
SPECIALIST_01,MURA_TT_1084,EXCLUSIVE,365
SPECIALIST_01,MURA_TT_1523,EXCLUSIVE,366
SPECIALIST_01,MURA_TT_0650,EXCLUSIVE,367
SPECIALIST_01,MURA_TT_1080,EXCLUSIVE,368
SPECIALIST_01,MURA_TT_0211,EXCLUSIVE,369
SPECIALIST_01,MURA_TT_0724,EXCLUSIVE,370
SPECIALIST_01,MURA_TT_1763,EXCLUSIVE,371
SPECIALIST_01,MURA_TT_1569,EXCLUSIVE,372
SPECIALIST_01,MURA_TT_1101,EXCLUSIVE,373
SPECIALIST_01,MURA_TT_1954,EXCLUSIVE,374
SPECIALIST_01,MURA_TT_0726,EXCLUSIVE,375
SPECIALIST_01,MURA_TT_1262,EXCLUSIVE,376
SPECIALIST_01,MURA_TT_1388,EXCLUSIVE,377
SPECIALIST_01,MURA_TT_0334,EXCLUSIVE,378
SPECIALIST_01,MURA_TT_1311,SHARED,379
SPECIALIST_01,MURA_TT_1353,EXCLUSIVE,380
SPECIALIST_01,MURA_TT_1543,EXCLUSIVE,381
SPECIALIST_01,MURA_TT_1689,SHARED,382
SPECIALIST_01,MURA_TT_0152,EXCLUSIVE,383
SPECIALIST_01,MURA_TT_0405,EXCLUSIVE,384
SPECIALIST_01,MURA_TT_0039,EXCLUSIVE,385
SPECIALIST_01,MURA_TT_0170,EXCLUSIVE,386
SPECIALIST_01,MURA_TT_0327,EXCLUSIVE,387
SPECIALIST_01,MURA_TT_1103,EXCLUSIVE,388
SPECIALIST_01,MURA_TT_1410,EXCLUSIVE,389
SPECIALIST_01,MURA_TT_0841,EXCLUSIVE,390
SPECIALIST_01,MURA_TT_0700,EXCLUSIVE,391
SPECIALIST_01,MURA_TT_0584,EXCLUSIVE,392
SPECIALIST_01,MURA_TT_1535,EXCLUSIVE,393
SPECIALIST_01,MURA_TT_1670,EXCLUSIVE,394
SPECIALIST_01,MURA_TT_0753,EXCLUSIVE,395
SPECIALIST_01,MURA_TT_1525,EXCLUSIVE,396
SPECIALIST_01,MURA_TT_0464,EXCLUSIVE,397
SPECIALIST_01,MURA_TT_0959,EXCLUSIVE,398
SPECIALIST_01,MURA_TT_0393,EXCLUSIVE,399
SPECIALIST_01,MURA_TT_1318,EXCLUSIVE,400
SPECIALIST_01,MURA_TT_1859,EXCLUSIVE,401
SPECIALIST_01,MURA_TT_1537,EXCLUSIVE,402
SPECIALIST_01,MURA_TT_0042,EXCLUSIVE,403
SPECIALIST_01,MURA_TT_1644,EXCLUSIVE,404
SPECIALIST_01,MURA_TT_0932,SHARED,405
SPECIALIST_01,MURA_TT_0969,EXCLUSIVE,406
SPECIALIST_01,MURA_TT_0425,EXCLUSIVE,407
SPECIALIST_01,MURA_TT_0496,EXCLUSIVE,408
SPECIALIST_01,MURA_TT_1110,EXCLUSIVE,409
SPECIALIST_01,MURA_TT_0901,SHARED,410
SPECIALIST_01,MURA_TT_1370,EXCLUSIVE,411
SPECIALIST_01,MURA_TT_1316,EXCLUSIVE,412
SPECIALIST_01,MURA_TT_1219,SHARED,413
SPECIALIST_01,MURA_TT_1702,EXCLUSIVE,414
SPECIALIST_01,MURA_TT_1766,EXCLUSIVE,415
SPECIALIST_01,MURA_TT_1094,EXCLUSIVE,416
SPECIALIST_01,MURA_TT_1938,EXCLUSIVE,417
SPECIALIST_01,MURA_TT_1971,EXCLUSIVE,418
SPECIALIST_01,MURA_TT_0240,EXCLUSIVE,419
SPECIALIST_01,MURA_TT_1428,EXCLUSIVE,420
SPECIALIST_01,MURA_TT_1951,EXCLUSIVE,421
SPECIALIST_01,MURA_TT_0713,SHARED,422
SPECIALIST_01,MURA_TT_1402,EXCLUSIVE,423
SPECIALIST_01,MURA_TT_1559,EXCLUSIVE,424
SPECIALIST_01,MURA_TT_0338,EXCLUSIVE,425
SPECIALIST_01,MURA_TT_0018,EXCLUSIVE,426
SPECIALIST_01,MURA_TT_0950,EXCLUSIVE,427
SPECIALIST_01,MURA_TT_1156,EXCLUSIVE,428
SPECIALIST_01,MURA_TT_0707,EXCLUSIVE,429
SPECIALIST_01,MURA_TT_1336,EXCLUSIVE,430
SPECIALIST_01,MURA_TT_0884,EXCLUSIVE,431
SPECIALIST_01,MURA_TT_0432,EXCLUSIVE,432
SPECIALIST_01,MURA_TT_1612,EXCLUSIVE,433
SPECIALIST_01,MURA_TT_1413,EXCLUSIVE,434
SPECIALIST_01,MURA_TT_0457,SHARED,435
SPECIALIST_01,MURA_TT_0964,EXCLUSIVE,436
SPECIALIST_01,MURA_TT_1609,EXCLUSIVE,437
SPECIALIST_01,MURA_TT_1001,EXCLUSIVE,438
SPECIALIST_01,MURA_TT_1047,EXCLUSIVE,439
SPECIALIST_01,MURA_TT_0436,EXCLUSIVE,440
SPECIALIST_01,MURA_TT_0831,EXCLUSIVE,441
SPECIALIST_01,MURA_TT_0264,EXCLUSIVE,442
SPECIALIST_01,MURA_TT_0057,EXCLUSIVE,443
SPECIALIST_01,MURA_TT_1977,EXCLUSIVE,444
SPECIALIST_01,MURA_TT_1837,EXCLUSIVE,445
SPECIALIST_01,MURA_TT_1249,EXCLUSIVE,446
SPECIALIST_01,MURA_TT_0547,EXCLUSIVE,447
SPECIALIST_01,MURA_TT_1447,EXCLUSIVE,448
SPECIALIST_01,MURA_TT_1449,EXCLUSIVE,449
SPECIALIST_01,MURA_TT_1163,EXCLUSIVE,450
SPECIALIST_01,MURA_TT_0571,EXCLUSIVE,451
SPECIALIST_01,MURA_TT_0840,SHARED,452
SPECIALIST_01,MURA_TT_0887,EXCLUSIVE,453
SPECIALIST_01,MURA_TT_1171,EXCLUSIVE,454
SPECIALIST_01,MURA_TT_0943,EXCLUSIVE,455
SPECIALIST_01,MURA_TT_0988,EXCLUSIVE,456
SPECIALIST_01,MURA_TT_0546,EXCLUSIVE,457
SPECIALIST_01,MURA_TT_0975,EXCLUSIVE,458
SPECIALIST_01,MURA_TT_0993,EXCLUSIVE,459
SPECIALIST_01,MURA_TT_1253,EXCLUSIVE,460
SPECIALIST_01,MURA_TT_0940,EXCLUSIVE,461
SPECIALIST_01,MURA_TT_0581,EXCLUSIVE,462
SPECIALIST_01,MURA_TT_1694,EXCLUSIVE,463
SPECIALIST_01,MURA_TT_1835,SHARED,464
SPECIALIST_01,MURA_TT_1733,EXCLUSIVE,465
SPECIALIST_01,MURA_TT_0607,EXCLUSIVE,466
SPECIALIST_01,MURA_TT_1484,EXCLUSIVE,467
SPECIALIST_01,MURA_TT_1511,EXCLUSIVE,468
SPECIALIST_01,MURA_TT_0778,EXCLUSIVE,469
SPECIALIST_01,MURA_TT_0712,SHARED,470
SPECIALIST_01,MURA_TT_0108,EXCLUSIVE,471
SPECIALIST_01,MURA_TT_1260,EXCLUSIVE,472
SPECIALIST_01,MURA_TT_0931,SHARED,473
SPECIALIST_01,MURA_TT_0807,EXCLUSIVE,474
SPECIALIST_01,MURA_TT_0497,EXCLUSIVE,475
SPECIALIST_01,MURA_TT_1361,EXCLUSIVE,476
SPECIALIST_01,MURA_TT_0184,EXCLUSIVE,477
SPECIALIST_01,MURA_TT_0481,EXCLUSIVE,478
SPECIALIST_01,MURA_TT_0973,EXCLUSIVE,479
SPECIALIST_01,MURA_TT_1996,EXCLUSIVE,480
SPECIALIST_01,MURA_TT_0398,EXCLUSIVE,481
SPECIALIST_01,MURA_TT_1639,SHARED,482
SPECIALIST_01,MURA_TT_0608,EXCLUSIVE,483
SPECIALIST_01,MURA_TT_0892,SHARED,484
SPECIALIST_01,MURA_TT_0630,EXCLUSIVE,485
SPECIALIST_01,MURA_TT_1135,EXCLUSIVE,486
SPECIALIST_01,MURA_TT_1423,EXCLUSIVE,487
SPECIALIST_01,MURA_TT_0355,EXCLUSIVE,488
SPECIALIST_01,MURA_TT_0656,EXCLUSIVE,489
SPECIALIST_01,MURA_TT_0045,EXCLUSIVE,490
SPECIALIST_01,MURA_TT_1231,EXCLUSIVE,491
SPECIALIST_01,MURA_TT_1264,EXCLUSIVE,492
SPECIALIST_01,MURA_TT_1882,EXCLUSIVE,493
SPECIALIST_01,MURA_TT_0306,EXCLUSIVE,494
SPECIALIST_01,MURA_TT_0143,EXCLUSIVE,495
SPECIALIST_01,MURA_TT_0511,SHARED,496
SPECIALIST_01,MURA_TT_1871,SHARED,497
SPECIALIST_01,MURA_TT_1785,EXCLUSIVE,498
SPECIALIST_01,MURA_TT_1068,EXCLUSIVE,499
SPECIALIST_01,MURA_TT_1300,SHARED,500
SPECIALIST_01,MURA_TT_1352,EXCLUSIVE,501
SPECIALIST_01,MURA_TT_0118,EXCLUSIVE,502
SPECIALIST_01,MURA_TT_0304,EXCLUSIVE,503
SPECIALIST_01,MURA_TT_1737,EXCLUSIVE,504
SPECIALIST_01,MURA_TT_1029,EXCLUSIVE,505
SPECIALIST_01,MURA_TT_1812,EXCLUSIVE,506
SPECIALIST_01,MURA_TT_1463,EXCLUSIVE,507
SPECIALIST_01,MURA_TT_0142,EXCLUSIVE,508
SPECIALIST_01,MURA_TT_0523,EXCLUSIVE,509
SPECIALIST_01,MURA_TT_1602,EXCLUSIVE,510
SPECIALIST_01,MURA_TT_0230,SHARED,511
SPECIALIST_01,MURA_TT_0861,EXCLUSIVE,512
SPECIALIST_01,MURA_TT_1422,EXCLUSIVE,513
SPECIALIST_01,MURA_TT_0526,EXCLUSIVE,514
SPECIALIST_01,MURA_TT_0445,SHARED,515
SPECIALIST_01,MURA_TT_1554,SHARED,516
SPECIALIST_01,MURA_TT_0551,EXCLUSIVE,517
SPECIALIST_01,MURA_TT_1398,EXCLUSIVE,518
SPECIALIST_01,MURA_TT_1561,EXCLUSIVE,519
SPECIALIST_01,MURA_TT_1455,EXCLUSIVE,520
SPECIALIST_01,MURA_TT_1196,EXCLUSIVE,521
SPECIALIST_01,MURA_TT_0790,EXCLUSIVE,522
SPECIALIST_01,MURA_TT_0420,EXCLUSIVE,523
SPECIALIST_01,MURA_TT_0875,EXCLUSIVE,524
SPECIALIST_01,MURA_TT_0871,EXCLUSIVE,525
SPECIALIST_01,MURA_TT_0914,EXCLUSIVE,526
SPECIALIST_01,MURA_TT_1157,EXCLUSIVE,527
SPECIALIST_01,MURA_TT_0141,EXCLUSIVE,528
SPECIALIST_01,MURA_TT_0448,EXCLUSIVE,529
SPECIALIST_01,MURA_TT_1845,EXCLUSIVE,530
SPECIALIST_01,MURA_TT_0540,EXCLUSIVE,531
SPECIALIST_01,MURA_TT_0006,EXCLUSIVE,532
SPECIALIST_01,MURA_TT_1256,EXCLUSIVE,533
SPECIALIST_01,MURA_TT_0058,SHARED,534
SPECIALIST_01,MURA_TT_0806,SHARED,535
SPECIALIST_01,MURA_TT_0214,EXCLUSIVE,536
SPECIALIST_01,MURA_TT_1922,EXCLUSIVE,537
SPECIALIST_01,MURA_TT_0890,EXCLUSIVE,538
SPECIALIST_01,MURA_TT_0352,EXCLUSIVE,539
SPECIALIST_01,MURA_TT_0967,EXCLUSIVE,540
SPECIALIST_01,MURA_TT_0048,EXCLUSIVE,541
SPECIALIST_01,MURA_TT_1753,EXCLUSIVE,542
SPECIALIST_01,MURA_TT_0708,EXCLUSIVE,543
SPECIALIST_01,MURA_TT_1465,EXCLUSIVE,544
SPECIALIST_01,MURA_TT_0179,EXCLUSIVE,545
SPECIALIST_01,MURA_TT_1258,EXCLUSIVE,546
SPECIALIST_01,MURA_TT_0682,EXCLUSIVE,547
SPECIALIST_01,MURA_TT_0343,EXCLUSIVE,548
SPECIALIST_01,MURA_TT_0766,EXCLUSIVE,549
SPECIALIST_01,MURA_TT_0612,SHARED,550
SPECIALIST_01,MURA_TT_1780,EXCLUSIVE,551
SPECIALIST_01,MURA_TT_0655,EXCLUSIVE,552
SPECIALIST_01,MURA_TT_1596,EXCLUSIVE,553
SPECIALIST_01,MURA_TT_0869,EXCLUSIVE,554
SPECIALIST_01,MURA_TT_0119,EXCLUSIVE,555
SPECIALIST_01,MURA_TT_1200,EXCLUSIVE,556
SPECIALIST_01,MURA_TT_0500,EXCLUSIVE,557
SPECIALIST_01,MURA_TT_1749,EXCLUSIVE,558
SPECIALIST_01,MURA_TT_1040,EXCLUSIVE,559
SPECIALIST_01,MURA_TT_0747,EXCLUSIVE,560
SPECIALIST_01,MURA_TT_1083,EXCLUSIVE,561
SPECIALIST_01,MURA_TT_1313,EXCLUSIVE,562
SPECIALIST_01,MURA_TT_1576,EXCLUSIVE,563
SPECIALIST_01,MURA_TT_0443,EXCLUSIVE,564
SPECIALIST_01,MURA_TT_0604,EXCLUSIVE,565
SPECIALIST_01,MURA_TT_1077,EXCLUSIVE,566
SPECIALIST_01,MURA_TT_0286,EXCLUSIVE,567
SPECIALIST_01,MURA_TT_0557,EXCLUSIVE,568
SPECIALIST_01,MURA_TT_0402,EXCLUSIVE,569
SPECIALIST_01,MURA_TT_1642,EXCLUSIVE,570
SPECIALIST_01,MURA_TT_0228,SHARED,571
SPECIALIST_01,MURA_TT_0297,EXCLUSIVE,572
SPECIALIST_01,MURA_TT_1778,EXCLUSIVE,573
SPECIALIST_01,MURA_TT_1976,EXCLUSIVE,574
SPECIALIST_01,MURA_TT_1524,SHARED,575
SPECIALIST_01,MURA_TT_0305,EXCLUSIVE,576
SPECIALIST_01,MURA_TT_0637,EXCLUSIVE,577
SPECIALIST_01,MURA_TT_1437,EXCLUSIVE,578
SPECIALIST_01,MURA_TT_1941,SHARED,579
SPECIALIST_01,MURA_TT_1301,EXCLUSIVE,580
SPECIALIST_01,MURA_TT_1925,EXCLUSIVE,581
SPECIALIST_01,MURA_TT_1031,SHARED,582
SPECIALIST_01,MURA_TT_1379,EXCLUSIVE,583
SPECIALIST_01,MURA_TT_0621,EXCLUSIVE,584
SPECIALIST_01,MURA_TT_0633,EXCLUSIVE,585
SPECIALIST_01,MURA_TT_0865,EXCLUSIVE,586
SPECIALIST_01,MURA_TT_1175,EXCLUSIVE,587
SPECIALIST_01,MURA_TT_1877,EXCLUSIVE,588
SPECIALIST_01,MURA_TT_0287,EXCLUSIVE,589
SPECIALIST_01,MURA_TT_0872,EXCLUSIVE,590
SPECIALIST_01,MURA_TT_0593,EXCLUSIVE,591
SPECIALIST_01,MURA_TT_1962,EXCLUSIVE,592
SPECIALIST_01,MURA_TT_0978,EXCLUSIVE,593
SPECIALIST_01,MURA_TT_1566,EXCLUSIVE,594
SPECIALIST_01,MURA_TT_0336,EXCLUSIVE,595
SPECIALIST_01,MURA_TT_1827,EXCLUSIVE,596
SPECIALIST_01,MURA_TT_0719,SHARED,597
SPECIALIST_01,MURA_TT_1396,EXCLUSIVE,598
SPECIALIST_01,MURA_TT_1675,EXCLUSIVE,599
SPECIALIST_01,MURA_TT_0961,EXCLUSIVE,600
SPECIALIST_01,MURA_TT_1468,SHARED,601
SPECIALIST_01,MURA_TT_0324,EXCLUSIVE,602
SPECIALIST_01,MURA_TT_0269,EXCLUSIVE,603
SPECIALIST_01,MURA_TT_1936,EXCLUSIVE,604
SPECIALIST_01,MURA_TT_0949,SHARED,605
SPECIALIST_01,MURA_TT_1436,EXCLUSIVE,606
SPECIALIST_01,MURA_TT_1950,EXCLUSIVE,607
SPECIALIST_01,MURA_TT_0827,EXCLUSIVE,608
SPECIALIST_01,MURA_TT_1241,EXCLUSIVE,609
SPECIALIST_01,MURA_TT_0588,EXCLUSIVE,610
SPECIALIST_01,MURA_TT_1891,EXCLUSIVE,611
SPECIALIST_01,MURA_TT_0301,EXCLUSIVE,612
SPECIALIST_01,MURA_TT_0470,EXCLUSIVE,613
SPECIALIST_01,MURA_TT_0600,EXCLUSIVE,614
SPECIALIST_01,MURA_TT_1452,EXCLUSIVE,615
SPECIALIST_01,MURA_TT_0553,EXCLUSIVE,616
SPECIALIST_01,MURA_TT_0099,EXCLUSIVE,617
SPECIALIST_01,MURA_TT_1490,SHARED,618
SPECIALIST_01,MURA_TT_1168,EXCLUSIVE,619
SPECIALIST_01,MURA_TT_1460,EXCLUSIVE,620
SPECIALIST_01,MURA_TT_1846,EXCLUSIVE,621
SPECIALIST_01,MURA_TT_1562,EXCLUSIVE,622
SPECIALIST_01,MURA_TT_0669,EXCLUSIVE,623
SPECIALIST_01,MURA_TT_1032,EXCLUSIVE,624
SPECIALIST_01,MURA_TT_1565,EXCLUSIVE,625
SPECIALIST_01,MURA_TT_1986,SHARED,626
SPECIALIST_01,MURA_TT_0640,EXCLUSIVE,627
SPECIALIST_01,MURA_TT_0555,EXCLUSIVE,628
SPECIALIST_01,MURA_TT_0483,EXCLUSIVE,629
SPECIALIST_01,MURA_TT_0415,EXCLUSIVE,630
SPECIALIST_01,MURA_TT_0451,EXCLUSIVE,631
SPECIALIST_01,MURA_TT_0169,EXCLUSIVE,632
SPECIALIST_01,MURA_TT_0440,EXCLUSIVE,633
SPECIALIST_01,MURA_TT_0341,EXCLUSIVE,634
SPECIALIST_01,MURA_TT_0357,EXCLUSIVE,635
SPECIALIST_01,MURA_TT_0482,SHARED,636
SPECIALIST_01,MURA_TT_1112,EXCLUSIVE,637
SPECIALIST_01,MURA_TT_0132,EXCLUSIVE,638
SPECIALIST_01,MURA_TT_0862,EXCLUSIVE,639
SPECIALIST_01,MURA_TT_1010,EXCLUSIVE,640
SPECIALIST_01,MURA_TT_1591,SHARED,641
SPECIALIST_01,MURA_TT_0196,SHARED,642
SPECIALIST_01,MURA_TT_1245,EXCLUSIVE,643
SPECIALIST_01,MURA_TT_0816,EXCLUSIVE,644
SPECIALIST_01,MURA_TT_1717,EXCLUSIVE,645
SPECIALIST_01,MURA_TT_0484,EXCLUSIVE,646
SPECIALIST_01,MURA_TT_0372,EXCLUSIVE,647
SPECIALIST_01,MURA_TT_1790,EXCLUSIVE,648
SPECIALIST_01,MURA_TT_1296,EXCLUSIVE,649
SPECIALIST_01,MURA_TT_0276,EXCLUSIVE,650
SPECIALIST_01,MURA_TT_1604,SHARED,651
SPECIALIST_01,MURA_TT_0032,EXCLUSIVE,652
SPECIALIST_01,MURA_TT_1831,EXCLUSIVE,653
SPECIALIST_01,MURA_TT_1255,EXCLUSIVE,654
SPECIALIST_01,MURA_TT_1275,EXCLUSIVE,655
SPECIALIST_01,MURA_TT_1069,EXCLUSIVE,656
SPECIALIST_01,MURA_TT_1440,EXCLUSIVE,657
SPECIALIST_01,MURA_TT_0550,EXCLUSIVE,658
SPECIALIST_01,MURA_TT_1027,EXCLUSIVE,659
SPECIALIST_01,MURA_TT_1372,EXCLUSIVE,660
SPECIALIST_01,MURA_TT_0980,EXCLUSIVE,661
SPECIALIST_01,MURA_TT_1668,SHARED,662
SPECIALIST_01,MURA_TT_1578,EXCLUSIVE,663
SPECIALIST_01,MURA_TT_0979,EXCLUSIVE,664
SPECIALIST_01,MURA_TT_0886,EXCLUSIVE,665
SPECIALIST_01,MURA_TT_0710,EXCLUSIVE,666
SPECIALIST_01,MURA_TT_1457,EXCLUSIVE,667
SPECIALIST_01,MURA_TT_1235,EXCLUSIVE,668
SPECIALIST_01,MURA_TT_1923,EXCLUSIVE,669
SPECIALIST_01,MURA_TT_0094,SHARED,670
SPECIALIST_01,MURA_TT_1693,EXCLUSIVE,671
SPECIALIST_01,MURA_TT_1892,SHARED,672
SPECIALIST_01,MURA_TT_0267,EXCLUSIVE,673
SPECIALIST_01,MURA_TT_1467,EXCLUSIVE,674
SPECIALIST_01,MURA_TT_1351,EXCLUSIVE,675
SPECIALIST_01,MURA_TT_1345,EXCLUSIVE,676
SPECIALIST_01,MURA_TT_0740,EXCLUSIVE,677
SPECIALIST_01,MURA_TT_1690,EXCLUSIVE,678
SPECIALIST_01,MURA_TT_1472,EXCLUSIVE,679
SPECIALIST_01,MURA_TT_1295,EXCLUSIVE,680
SPECIALIST_01,MURA_TT_1215,EXCLUSIVE,681
SPECIALIST_01,MURA_TT_1115,EXCLUSIVE,682
SPECIALIST_01,MURA_TT_0044,EXCLUSIVE,683
SPECIALIST_01,MURA_TT_0591,EXCLUSIVE,684
SPECIALIST_01,MURA_TT_0157,EXCLUSIVE,685
SPECIALIST_01,MURA_TT_1004,EXCLUSIVE,686
SPECIALIST_01,MURA_TT_1959,EXCLUSIVE,687
SPECIALIST_01,MURA_TT_0340,EXCLUSIVE,688
SPECIALIST_01,MURA_TT_0158,EXCLUSIVE,689
SPECIALIST_01,MURA_TT_0385,EXCLUSIVE,690
SPECIALIST_01,MURA_TT_0056,SHARED,691
SPECIALIST_01,MURA_TT_1897,EXCLUSIVE,692
SPECIALIST_01,MURA_TT_1654,EXCLUSIVE,693
SPECIALIST_01,MURA_TT_0525,EXCLUSIVE,694
SPECIALIST_01,MURA_TT_1236,SHARED,695
SPECIALIST_01,MURA_TT_1928,EXCLUSIVE,696
SPECIALIST_01,MURA_TT_0556,EXCLUSIVE,697
SPECIALIST_01,MURA_TT_1425,EXCLUSIVE,698
SPECIALIST_01,MURA_TT_1705,EXCLUSIVE,699
SPECIALIST_01,MURA_TT_0263,EXCLUSIVE,700
SPECIALIST_01,MURA_TT_0239,EXCLUSIVE,701
SPECIALIST_01,MURA_TT_1240,EXCLUSIVE,702
SPECIALIST_01,MURA_TT_0622,EXCLUSIVE,703
SPECIALIST_01,MURA_TT_1876,EXCLUSIVE,704
SPECIALIST_01,MURA_TT_1706,EXCLUSIVE,705
SPECIALIST_01,MURA_TT_0490,EXCLUSIVE,706
SPECIALIST_01,MURA_TT_0771,EXCLUSIVE,707
SPECIALIST_01,MURA_TT_1365,EXCLUSIVE,708
SPECIALIST_01,MURA_TT_1062,SHARED,709
SPECIALIST_01,MURA_TT_0706,EXCLUSIVE,710
SPECIALIST_01,MURA_TT_0657,SHARED,711
SPECIALIST_01,MURA_TT_1314,EXCLUSIVE,712
SPECIALIST_01,MURA_TT_0468,EXCLUSIVE,713
SPECIALIST_01,MURA_TT_1474,SHARED,714
SPECIALIST_01,MURA_TT_1864,EXCLUSIVE,715
SPECIALIST_01,MURA_TT_1555,EXCLUSIVE,716
SPECIALIST_01,MURA_TT_1512,EXCLUSIVE,717
SPECIALIST_01,MURA_TT_0077,EXCLUSIVE,718
SPECIALIST_01,MURA_TT_0185,EXCLUSIVE,719
SPECIALIST_01,MURA_TT_0720,EXCLUSIVE,720
SPECIALIST_01,MURA_TT_0836,EXCLUSIVE,721
SPECIALIST_01,MURA_TT_0679,SHARED,722
SPECIALIST_01,MURA_TT_0411,EXCLUSIVE,723
SPECIALIST_01,MURA_TT_1557,EXCLUSIVE,724
SPECIALIST_01,MURA_TT_0363,EXCLUSIVE,725
SPECIALIST_01,MURA_TT_0416,EXCLUSIVE,726
SPECIALIST_01,MURA_TT_0316,EXCLUSIVE,727
SPECIALIST_01,MURA_TT_0625,EXCLUSIVE,728
SPECIALIST_01,MURA_TT_1969,EXCLUSIVE,729
SPECIALIST_01,MURA_TT_0153,EXCLUSIVE,730
SPECIALIST_01,MURA_TT_0855,EXCLUSIVE,731
SPECIALIST_01,MURA_TT_1279,EXCLUSIVE,732
SPECIALIST_01,MURA_TT_1697,EXCLUSIVE,733
SPECIALIST_01,MURA_TT_1635,EXCLUSIVE,734
SPECIALIST_02,MURA_TT_0955,EXCLUSIVE,1
SPECIALIST_02,MURA_TT_0963,EXCLUSIVE,2
SPECIALIST_02,MURA_TT_0703,EXCLUSIVE,3
SPECIALIST_02,MURA_TT_1475,EXCLUSIVE,4
SPECIALIST_02,MURA_TT_0809,EXCLUSIVE,5
SPECIALIST_02,MURA_TT_0839,EXCLUSIVE,6
SPECIALIST_02,MURA_TT_0751,EXCLUSIVE,7
SPECIALIST_02,MURA_TT_0606,EXCLUSIVE,8
SPECIALIST_02,MURA_TT_0079,EXCLUSIVE,9
SPECIALIST_02,MURA_TT_0923,EXCLUSIVE,10
SPECIALIST_02,MURA_TT_0207,EXCLUSIVE,11
SPECIALIST_02,MURA_TT_0247,EXCLUSIVE,12
SPECIALIST_02,MURA_TT_1648,EXCLUSIVE,13
SPECIALIST_02,MURA_TT_1471,EXCLUSIVE,14
SPECIALIST_02,MURA_TT_1756,EXCLUSIVE,15
SPECIALIST_02,MURA_TT_0864,EXCLUSIVE,16
SPECIALIST_02,MURA_TT_0763,EXCLUSIVE,17
SPECIALIST_02,MURA_TT_0260,EXCLUSIVE,18
SPECIALIST_02,MURA_TT_0083,EXCLUSIVE,19
SPECIALIST_02,MURA_TT_0749,EXCLUSIVE,20
SPECIALIST_02,MURA_TT_0949,SHARED,21
SPECIALIST_02,MURA_TT_0629,EXCLUSIVE,22
SPECIALIST_02,MURA_TT_0271,EXCLUSIVE,23
SPECIALIST_02,MURA_TT_1307,EXCLUSIVE,24
SPECIALIST_02,MURA_TT_0456,EXCLUSIVE,25
SPECIALIST_02,MURA_TT_0231,EXCLUSIVE,26
SPECIALIST_02,MURA_TT_0052,EXCLUSIVE,27
SPECIALIST_02,MURA_TT_0007,EXCLUSIVE,28
SPECIALIST_02,MURA_TT_0408,EXCLUSIVE,29
SPECIALIST_02,MURA_TT_0392,EXCLUSIVE,30
SPECIALIST_02,MURA_TT_0901,SHARED,31
SPECIALIST_02,MURA_TT_0704,EXCLUSIVE,32
SPECIALIST_02,MURA_TT_1033,EXCLUSIVE,33
SPECIALIST_02,MURA_TT_1191,EXCLUSIVE,34
SPECIALIST_02,MURA_TT_1872,EXCLUSIVE,35
SPECIALIST_02,MURA_TT_0531,EXCLUSIVE,36
SPECIALIST_02,MURA_TT_0094,SHARED,37
SPECIALIST_02,MURA_TT_0657,SHARED,38
SPECIALIST_02,MURA_TT_0694,EXCLUSIVE,39
SPECIALIST_02,MURA_TT_0542,EXCLUSIVE,40
SPECIALIST_02,MURA_TT_1516,EXCLUSIVE,41
SPECIALIST_02,MURA_TT_0461,EXCLUSIVE,42
SPECIALIST_02,MURA_TT_0639,EXCLUSIVE,43
SPECIALIST_02,MURA_TT_1119,SHARED,44
SPECIALIST_02,MURA_TT_0110,EXCLUSIVE,45
SPECIALIST_02,MURA_TT_1724,EXCLUSIVE,46
SPECIALIST_02,MURA_TT_0641,EXCLUSIVE,47
SPECIALIST_02,MURA_TT_0317,EXCLUSIVE,48
SPECIALIST_02,MURA_TT_0285,EXCLUSIVE,49
SPECIALIST_02,MURA_TT_1843,EXCLUSIVE,50
SPECIALIST_02,MURA_TT_1506,EXCLUSIVE,51
SPECIALIST_02,MURA_TT_1521,EXCLUSIVE,52
SPECIALIST_02,MURA_TT_1136,SHARED,53
SPECIALIST_02,MURA_TT_0564,SHARED,54
SPECIALIST_02,MURA_TT_0295,SHARED,55
SPECIALIST_02,MURA_TT_0293,EXCLUSIVE,56
SPECIALIST_02,MURA_TT_0686,EXCLUSIVE,57
SPECIALIST_02,MURA_TT_1208,EXCLUSIVE,58
SPECIALIST_02,MURA_TT_1744,EXCLUSIVE,59
SPECIALIST_02,MURA_TT_0090,EXCLUSIVE,60
SPECIALIST_02,MURA_TT_1808,EXCLUSIVE,61
SPECIALIST_02,MURA_TT_0659,EXCLUSIVE,62
SPECIALIST_02,MURA_TT_0299,EXCLUSIVE,63
SPECIALIST_02,MURA_TT_1222,EXCLUSIVE,64
SPECIALIST_02,MURA_TT_0111,EXCLUSIVE,65
SPECIALIST_02,MURA_TT_0342,SHARED,66
SPECIALIST_02,MURA_TT_0913,SHARED,67
SPECIALIST_02,MURA_TT_0167,EXCLUSIVE,68
SPECIALIST_02,MURA_TT_0716,EXCLUSIVE,69
SPECIALIST_02,MURA_TT_0580,EXCLUSIVE,70
SPECIALIST_02,MURA_TT_1558,EXCLUSIVE,71
SPECIALIST_02,MURA_TT_0082,EXCLUSIVE,72
SPECIALIST_02,MURA_TT_1709,EXCLUSIVE,73
SPECIALIST_02,MURA_TT_0780,EXCLUSIVE,74
SPECIALIST_02,MURA_TT_0354,EXCLUSIVE,75
SPECIALIST_02,MURA_TT_0842,EXCLUSIVE,76
SPECIALIST_02,MURA_TT_0944,EXCLUSIVE,77
SPECIALIST_02,MURA_TT_1595,EXCLUSIVE,78
SPECIALIST_02,MURA_TT_1940,EXCLUSIVE,79
SPECIALIST_02,MURA_TT_1451,EXCLUSIVE,80
SPECIALIST_02,MURA_TT_0404,EXCLUSIVE,81
SPECIALIST_02,MURA_TT_1669,EXCLUSIVE,82
SPECIALIST_02,MURA_TT_1444,EXCLUSIVE,83
SPECIALIST_02,MURA_TT_1986,SHARED,84
SPECIALIST_02,MURA_TT_0834,EXCLUSIVE,85
SPECIALIST_02,MURA_TT_0382,EXCLUSIVE,86
SPECIALIST_02,MURA_TT_1401,EXCLUSIVE,87
SPECIALIST_02,MURA_TT_1698,EXCLUSIVE,88
SPECIALIST_02,MURA_TT_1524,SHARED,89
SPECIALIST_02,MURA_TT_1416,EXCLUSIVE,90
SPECIALIST_02,MURA_TT_1098,SHARED,91
SPECIALIST_02,MURA_TT_1860,EXCLUSIVE,92
SPECIALIST_02,MURA_TT_1015,EXCLUSIVE,93
SPECIALIST_02,MURA_TT_0349,EXCLUSIVE,94
SPECIALIST_02,MURA_TT_1035,EXCLUSIVE,95
SPECIALIST_02,MURA_TT_1880,EXCLUSIVE,96
SPECIALIST_02,MURA_TT_1575,EXCLUSIVE,97
SPECIALIST_02,MURA_TT_1740,SHARED,98
SPECIALIST_02,MURA_TT_1480,EXCLUSIVE,99
SPECIALIST_02,MURA_TT_1431,EXCLUSIVE,100
SPECIALIST_02,MURA_TT_0820,EXCLUSIVE,101
SPECIALIST_02,MURA_TT_1474,SHARED,102
SPECIALIST_02,MURA_TT_1514,EXCLUSIVE,103
SPECIALIST_02,MURA_TT_0503,EXCLUSIVE,104
SPECIALIST_02,MURA_TT_1841,EXCLUSIVE,105
SPECIALIST_02,MURA_TT_1335,EXCLUSIVE,106
SPECIALIST_02,MURA_TT_0632,EXCLUSIVE,107
SPECIALIST_02,MURA_TT_1097,EXCLUSIVE,108
SPECIALIST_02,MURA_TT_0002,EXCLUSIVE,109
SPECIALIST_02,MURA_TT_1315,EXCLUSIVE,110
SPECIALIST_02,MURA_TT_0029,EXCLUSIVE,111
SPECIALIST_02,MURA_TT_0459,EXCLUSIVE,112
SPECIALIST_02,MURA_TT_1325,EXCLUSIVE,113
SPECIALIST_02,MURA_TT_1230,EXCLUSIVE,114
SPECIALIST_02,MURA_TT_0330,EXCLUSIVE,115
SPECIALIST_02,MURA_TT_1699,EXCLUSIVE,116
SPECIALIST_02,MURA_TT_1741,EXCLUSIVE,117
SPECIALIST_02,MURA_TT_1310,EXCLUSIVE,118
SPECIALIST_02,MURA_TT_0028,EXCLUSIVE,119
SPECIALIST_02,MURA_TT_0830,EXCLUSIVE,120
SPECIALIST_02,MURA_TT_1206,EXCLUSIVE,121
SPECIALIST_02,MURA_TT_1479,EXCLUSIVE,122
SPECIALIST_02,MURA_TT_1406,EXCLUSIVE,123
SPECIALIST_02,MURA_TT_0163,EXCLUSIVE,124
SPECIALIST_02,MURA_TT_1454,EXCLUSIVE,125
SPECIALIST_02,MURA_TT_1378,EXCLUSIVE,126
SPECIALIST_02,MURA_TT_0010,EXCLUSIVE,127
SPECIALIST_02,MURA_TT_0008,EXCLUSIVE,128
SPECIALIST_02,MURA_TT_0552,EXCLUSIVE,129
SPECIALIST_02,MURA_TT_0302,EXCLUSIVE,130
SPECIALIST_02,MURA_TT_1536,EXCLUSIVE,131
SPECIALIST_02,MURA_TT_1994,EXCLUSIVE,132
SPECIALIST_02,MURA_TT_0280,EXCLUSIVE,133
SPECIALIST_02,MURA_TT_1438,SHARED,134
SPECIALIST_02,MURA_TT_1621,EXCLUSIVE,135
SPECIALIST_02,MURA_TT_0274,EXCLUSIVE,136
SPECIALIST_02,MURA_TT_0569,EXCLUSIVE,137
SPECIALIST_02,MURA_TT_0927,EXCLUSIVE,138
SPECIALIST_02,MURA_TT_0230,SHARED,139
SPECIALIST_02,MURA_TT_0647,EXCLUSIVE,140
SPECIALIST_02,MURA_TT_0471,EXCLUSIVE,141
SPECIALIST_02,MURA_TT_1238,EXCLUSIVE,142
SPECIALIST_02,MURA_TT_0219,EXCLUSIVE,143
SPECIALIST_02,MURA_TT_1760,EXCLUSIVE,144
SPECIALIST_02,MURA_TT_1502,EXCLUSIVE,145
SPECIALIST_02,MURA_TT_0195,EXCLUSIVE,146
SPECIALIST_02,MURA_TT_1728,EXCLUSIVE,147
SPECIALIST_02,MURA_TT_0149,EXCLUSIVE,148
SPECIALIST_02,MURA_TT_1284,EXCLUSIVE,149
SPECIALIST_02,MURA_TT_0684,EXCLUSIVE,150
SPECIALIST_02,MURA_TT_1468,SHARED,151
SPECIALIST_02,MURA_TT_1980,EXCLUSIVE,152
SPECIALIST_02,MURA_TT_1915,SHARED,153
SPECIALIST_02,MURA_TT_0715,SHARED,154
SPECIALIST_02,MURA_TT_0722,EXCLUSIVE,155
SPECIALIST_02,MURA_TT_0419,EXCLUSIVE,156
SPECIALIST_02,MURA_TT_1803,EXCLUSIVE,157
SPECIALIST_02,MURA_TT_0783,EXCLUSIVE,158
SPECIALIST_02,MURA_TT_0037,EXCLUSIVE,159
SPECIALIST_02,MURA_TT_1427,EXCLUSIVE,160
SPECIALIST_02,MURA_TT_0714,EXCLUSIVE,161
SPECIALIST_02,MURA_TT_1970,EXCLUSIVE,162
SPECIALIST_02,MURA_TT_1223,EXCLUSIVE,163
SPECIALIST_02,MURA_TT_0619,EXCLUSIVE,164
SPECIALIST_02,MURA_TT_1482,EXCLUSIVE,165
SPECIALIST_02,MURA_TT_0049,EXCLUSIVE,166
SPECIALIST_02,MURA_TT_0220,EXCLUSIVE,167
SPECIALIST_02,MURA_TT_1152,EXCLUSIVE,168
SPECIALIST_02,MURA_TT_0438,EXCLUSIVE,169
SPECIALIST_02,MURA_TT_0129,EXCLUSIVE,170
SPECIALIST_02,MURA_TT_0689,EXCLUSIVE,171
SPECIALIST_02,MURA_TT_0744,EXCLUSIVE,172
SPECIALIST_02,MURA_TT_0350,EXCLUSIVE,173
SPECIALIST_02,MURA_TT_1165,EXCLUSIVE,174
SPECIALIST_02,MURA_TT_0492,EXCLUSIVE,175
SPECIALIST_02,MURA_TT_1908,EXCLUSIVE,176
SPECIALIST_02,MURA_TT_0020,EXCLUSIVE,177
SPECIALIST_02,MURA_TT_0617,EXCLUSIVE,178
SPECIALIST_02,MURA_TT_1895,EXCLUSIVE,179
SPECIALIST_02,MURA_TT_0472,EXCLUSIVE,180
SPECIALIST_02,MURA_TT_1833,EXCLUSIVE,181
SPECIALIST_02,MURA_TT_0155,EXCLUSIVE,182
SPECIALIST_02,MURA_TT_0850,EXCLUSIVE,183
SPECIALIST_02,MURA_TT_0121,EXCLUSIVE,184
SPECIALIST_02,MURA_TT_1317,EXCLUSIVE,185
SPECIALIST_02,MURA_TT_0203,EXCLUSIVE,186
SPECIALIST_02,MURA_TT_0054,EXCLUSIVE,187
SPECIALIST_02,MURA_TT_0498,EXCLUSIVE,188
SPECIALIST_02,MURA_TT_0739,EXCLUSIVE,189
SPECIALIST_02,MURA_TT_1273,EXCLUSIVE,190
SPECIALIST_02,MURA_TT_1528,EXCLUSIVE,191
SPECIALIST_02,MURA_TT_0084,EXCLUSIVE,192
SPECIALIST_02,MURA_TT_1941,SHARED,193
SPECIALIST_02,MURA_TT_1221,EXCLUSIVE,194
SPECIALIST_02,MURA_TT_2000,EXCLUSIVE,195
SPECIALIST_02,MURA_TT_1107,EXCLUSIVE,196
SPECIALIST_02,MURA_TT_1374,EXCLUSIVE,197
SPECIALIST_02,MURA_TT_1089,EXCLUSIVE,198
SPECIALIST_02,MURA_TT_0075,SHARED,199
SPECIALIST_02,MURA_TT_1978,EXCLUSIVE,200
SPECIALIST_02,MURA_TT_0092,SHARED,201
SPECIALIST_02,MURA_TT_1678,EXCLUSIVE,202
SPECIALIST_02,MURA_TT_1300,SHARED,203
SPECIALIST_02,MURA_TT_1331,EXCLUSIVE,204
SPECIALIST_02,MURA_TT_1832,EXCLUSIVE,205
SPECIALIST_02,MURA_TT_0308,EXCLUSIVE,206
SPECIALIST_02,MURA_TT_1573,EXCLUSIVE,207
SPECIALIST_02,MURA_TT_1320,EXCLUSIVE,208
SPECIALIST_02,MURA_TT_0733,EXCLUSIVE,209
SPECIALIST_02,MURA_TT_1182,EXCLUSIVE,210
SPECIALIST_02,MURA_TT_1947,EXCLUSIVE,211
SPECIALIST_02,MURA_TT_1998,EXCLUSIVE,212
SPECIALIST_02,MURA_TT_0712,SHARED,213
SPECIALIST_02,MURA_TT_1211,EXCLUSIVE,214
SPECIALIST_02,MURA_TT_0777,EXCLUSIVE,215
SPECIALIST_02,MURA_TT_1445,EXCLUSIVE,216
SPECIALIST_02,MURA_TT_0427,EXCLUSIVE,217
SPECIALIST_02,MURA_TT_1529,EXCLUSIVE,218
SPECIALIST_02,MURA_TT_1323,EXCLUSIVE,219
SPECIALIST_02,MURA_TT_1861,EXCLUSIVE,220
SPECIALIST_02,MURA_TT_0595,EXCLUSIVE,221
SPECIALIST_02,MURA_TT_1676,EXCLUSIVE,222
SPECIALIST_02,MURA_TT_1278,EXCLUSIVE,223
SPECIALIST_02,MURA_TT_0088,EXCLUSIVE,224
SPECIALIST_02,MURA_TT_1139,EXCLUSIVE,225
SPECIALIST_02,MURA_TT_0361,SHARED,226
SPECIALIST_02,MURA_TT_0837,EXCLUSIVE,227
SPECIALIST_02,MURA_TT_0478,EXCLUSIVE,228
SPECIALIST_02,MURA_TT_0624,EXCLUSIVE,229
SPECIALIST_02,MURA_TT_0217,EXCLUSIVE,230
SPECIALIST_02,MURA_TT_1299,EXCLUSIVE,231
SPECIALIST_02,MURA_TT_1054,EXCLUSIVE,232
SPECIALIST_02,MURA_TT_0912,EXCLUSIVE,233
SPECIALIST_02,MURA_TT_0138,EXCLUSIVE,234
SPECIALIST_02,MURA_TT_1272,EXCLUSIVE,235
SPECIALIST_02,MURA_TT_0844,EXCLUSIVE,236
SPECIALIST_02,MURA_TT_0208,EXCLUSIVE,237
SPECIALIST_02,MURA_TT_0021,EXCLUSIVE,238
SPECIALIST_02,MURA_TT_1975,EXCLUSIVE,239
SPECIALIST_02,MURA_TT_1041,EXCLUSIVE,240
SPECIALIST_02,MURA_TT_0173,EXCLUSIVE,241
SPECIALIST_02,MURA_TT_0031,EXCLUSIVE,242
SPECIALIST_02,MURA_TT_0760,EXCLUSIVE,243
SPECIALIST_02,MURA_TT_0494,EXCLUSIVE,244
SPECIALIST_02,MURA_TT_0414,EXCLUSIVE,245
SPECIALIST_02,MURA_TT_1853,EXCLUSIVE,246
SPECIALIST_02,MURA_TT_0104,EXCLUSIVE,247
SPECIALIST_02,MURA_TT_0243,EXCLUSIVE,248
SPECIALIST_02,MURA_TT_1921,EXCLUSIVE,249
SPECIALIST_02,MURA_TT_0165,SHARED,250
SPECIALIST_02,MURA_TT_0936,EXCLUSIVE,251
SPECIALIST_02,MURA_TT_1639,SHARED,252
SPECIALIST_02,MURA_TT_1674,EXCLUSIVE,253
SPECIALIST_02,MURA_TT_0133,EXCLUSIVE,254
SPECIALIST_02,MURA_TT_0858,EXCLUSIVE,255
SPECIALIST_02,MURA_TT_0449,EXCLUSIVE,256
SPECIALIST_02,MURA_TT_0298,EXCLUSIVE,257
SPECIALIST_02,MURA_TT_1743,EXCLUSIVE,258
SPECIALIST_02,MURA_TT_0353,SHARED,259
SPECIALIST_02,MURA_TT_1170,EXCLUSIVE,260
SPECIALIST_02,MURA_TT_0374,EXCLUSIVE,261
SPECIALIST_02,MURA_TT_1020,EXCLUSIVE,262
SPECIALIST_02,MURA_TT_1478,EXCLUSIVE,263
SPECIALIST_02,MURA_TT_1961,EXCLUSIVE,264
SPECIALIST_02,MURA_TT_1214,EXCLUSIVE,265
SPECIALIST_02,MURA_TT_1854,EXCLUSIVE,266
SPECIALIST_02,MURA_TT_1063,EXCLUSIVE,267
SPECIALIST_02,MURA_TT_0218,EXCLUSIVE,268
SPECIALIST_02,MURA_TT_0752,EXCLUSIVE,269
SPECIALIST_02,MURA_TT_0673,EXCLUSIVE,270
SPECIALIST_02,MURA_TT_1169,SHARED,271
SPECIALIST_02,MURA_TT_1638,EXCLUSIVE,272
SPECIALIST_02,MURA_TT_0191,EXCLUSIVE,273
SPECIALIST_02,MURA_TT_0250,EXCLUSIVE,274
SPECIALIST_02,MURA_TT_0756,EXCLUSIVE,275
SPECIALIST_02,MURA_TT_1121,EXCLUSIVE,276
SPECIALIST_02,MURA_TT_1637,EXCLUSIVE,277
SPECIALIST_02,MURA_TT_0825,EXCLUSIVE,278
SPECIALIST_02,MURA_TT_1304,SHARED,279
SPECIALIST_02,MURA_TT_0840,SHARED,280
SPECIALIST_02,MURA_TT_1419,EXCLUSIVE,281
SPECIALIST_02,MURA_TT_0548,SHARED,282
SPECIALIST_02,MURA_TT_0380,EXCLUSIVE,283
SPECIALIST_02,MURA_TT_1817,EXCLUSIVE,284
SPECIALIST_02,MURA_TT_1218,EXCLUSIVE,285
SPECIALIST_02,MURA_TT_0477,EXCLUSIVE,286
SPECIALIST_02,MURA_TT_0665,SHARED,287
SPECIALIST_02,MURA_TT_1828,EXCLUSIVE,288
SPECIALIST_02,MURA_TT_1415,EXCLUSIVE,289
SPECIALIST_02,MURA_TT_1036,EXCLUSIVE,290
SPECIALIST_02,MURA_TT_0495,EXCLUSIVE,291
SPECIALIST_02,MURA_TT_1375,EXCLUSIVE,292
SPECIALIST_02,MURA_TT_1481,EXCLUSIVE,293
SPECIALIST_02,MURA_TT_0178,EXCLUSIVE,294
SPECIALIST_02,MURA_TT_0518,EXCLUSIVE,295
SPECIALIST_02,MURA_TT_1125,EXCLUSIVE,296
SPECIALIST_02,MURA_TT_1598,EXCLUSIVE,297
SPECIALIST_02,MURA_TT_1462,EXCLUSIVE,298
SPECIALIST_02,MURA_TT_1689,SHARED,299
SPECIALIST_02,MURA_TT_0974,EXCLUSIVE,300
SPECIALIST_02,MURA_TT_0750,EXCLUSIVE,301
SPECIALIST_02,MURA_TT_0679,SHARED,302
SPECIALIST_02,MURA_TT_1446,EXCLUSIVE,303
SPECIALIST_02,MURA_TT_0106,SHARED,304
SPECIALIST_02,MURA_TT_1560,EXCLUSIVE,305
SPECIALIST_02,MURA_TT_0062,SHARED,306
SPECIALIST_02,MURA_TT_0254,EXCLUSIVE,307
SPECIALIST_02,MURA_TT_0441,EXCLUSIVE,308
SPECIALIST_02,MURA_TT_0502,EXCLUSIVE,309
SPECIALIST_02,MURA_TT_0857,EXCLUSIVE,310
SPECIALIST_02,MURA_TT_0814,SHARED,311
SPECIALIST_02,MURA_TT_0282,EXCLUSIVE,312
SPECIALIST_02,MURA_TT_0668,EXCLUSIVE,313
SPECIALIST_02,MURA_TT_0517,EXCLUSIVE,314
SPECIALIST_02,MURA_TT_1545,EXCLUSIVE,315
SPECIALIST_02,MURA_TT_0446,EXCLUSIVE,316
SPECIALIST_02,MURA_TT_0261,EXCLUSIVE,317
SPECIALIST_02,MURA_TT_0981,SHARED,318
SPECIALIST_02,MURA_TT_0718,EXCLUSIVE,319
SPECIALIST_02,MURA_TT_1088,EXCLUSIVE,320
SPECIALIST_02,MURA_TT_0059,EXCLUSIVE,321
SPECIALIST_02,MURA_TT_1477,EXCLUSIVE,322
SPECIALIST_02,MURA_TT_1145,EXCLUSIVE,323
SPECIALIST_02,MURA_TT_0873,EXCLUSIVE,324
SPECIALIST_02,MURA_TT_1713,EXCLUSIVE,325
SPECIALIST_02,MURA_TT_1907,EXCLUSIVE,326
SPECIALIST_02,MURA_TT_0190,EXCLUSIVE,327
SPECIALIST_02,MURA_TT_1748,EXCLUSIVE,328
SPECIALIST_02,MURA_TT_1926,EXCLUSIVE,329
SPECIALIST_02,MURA_TT_1322,EXCLUSIVE,330
SPECIALIST_02,MURA_TT_0318,SHARED,331
SPECIALIST_02,MURA_TT_0482,SHARED,332
SPECIALIST_02,MURA_TT_1556,EXCLUSIVE,333
SPECIALIST_02,MURA_TT_1668,SHARED,334
SPECIALIST_02,MURA_TT_0381,EXCLUSIVE,335
SPECIALIST_02,MURA_TT_1747,EXCLUSIVE,336
SPECIALIST_02,MURA_TT_1520,EXCLUSIVE,337
SPECIALIST_02,MURA_TT_1935,EXCLUSIVE,338
SPECIALIST_02,MURA_TT_0907,EXCLUSIVE,339
SPECIALIST_02,MURA_TT_0489,EXCLUSIVE,340
SPECIALIST_02,MURA_TT_1768,EXCLUSIVE,341
SPECIALIST_02,MURA_TT_0126,EXCLUSIVE,342
SPECIALIST_02,MURA_TT_0406,SHARED,343
SPECIALIST_02,MURA_TT_1114,EXCLUSIVE,344
SPECIALIST_02,MURA_TT_0166,EXCLUSIVE,345
SPECIALIST_02,MURA_TT_1082,EXCLUSIVE,346
SPECIALIST_02,MURA_TT_1795,EXCLUSIVE,347
SPECIALIST_02,MURA_TT_0920,SHARED,348
SPECIALIST_02,MURA_TT_1023,EXCLUSIVE,349
SPECIALIST_02,MURA_TT_0970,EXCLUSIVE,350
SPECIALIST_02,MURA_TT_1188,EXCLUSIVE,351
SPECIALIST_02,MURA_TT_1366,EXCLUSIVE,352
SPECIALIST_02,MURA_TT_0480,EXCLUSIVE,353
SPECIALIST_02,MURA_TT_1842,EXCLUSIVE,354
SPECIALIST_02,MURA_TT_1154,EXCLUSIVE,355
SPECIALIST_02,MURA_TT_0435,EXCLUSIVE,356
SPECIALIST_02,MURA_TT_0711,EXCLUSIVE,357
SPECIALIST_02,MURA_TT_0690,SHARED,358
SPECIALIST_02,MURA_TT_0681,EXCLUSIVE,359
SPECIALIST_02,MURA_TT_0900,EXCLUSIVE,360
SPECIALIST_02,MURA_TT_0026,EXCLUSIVE,361
SPECIALIST_02,MURA_TT_1126,EXCLUSIVE,362
SPECIALIST_02,MURA_TT_0453,EXCLUSIVE,363
SPECIALIST_02,MURA_TT_0097,EXCLUSIVE,364
SPECIALIST_02,MURA_TT_1008,EXCLUSIVE,365
SPECIALIST_02,MURA_TT_0866,EXCLUSIVE,366
SPECIALIST_02,MURA_TT_1131,EXCLUSIVE,367
SPECIALIST_02,MURA_TT_1073,EXCLUSIVE,368
SPECIALIST_02,MURA_TT_1666,EXCLUSIVE,369
SPECIALIST_02,MURA_TT_0828,EXCLUSIVE,370
SPECIALIST_02,MURA_TT_0439,EXCLUSIVE,371
SPECIALIST_02,MURA_TT_0410,EXCLUSIVE,372
SPECIALIST_02,MURA_TT_0013,EXCLUSIVE,373
SPECIALIST_02,MURA_TT_0229,EXCLUSIVE,374
SPECIALIST_02,MURA_TT_1466,EXCLUSIVE,375
SPECIALIST_02,MURA_TT_0237,EXCLUSIVE,376
SPECIALIST_02,MURA_TT_1927,EXCLUSIVE,377
SPECIALIST_02,MURA_TT_1343,EXCLUSIVE,378
SPECIALIST_02,MURA_TT_0160,EXCLUSIVE,379
SPECIALIST_02,MURA_TT_1404,EXCLUSIVE,380
SPECIALIST_02,MURA_TT_0397,EXCLUSIVE,381
SPECIALIST_02,MURA_TT_1022,EXCLUSIVE,382
SPECIALIST_02,MURA_TT_0848,EXCLUSIVE,383
SPECIALIST_02,MURA_TT_1329,EXCLUSIVE,384
SPECIALIST_02,MURA_TT_0479,EXCLUSIVE,385
SPECIALIST_02,MURA_TT_0922,EXCLUSIVE,386
SPECIALIST_02,MURA_TT_0514,EXCLUSIVE,387
SPECIALIST_02,MURA_TT_0303,EXCLUSIVE,388
SPECIALIST_02,MURA_TT_0748,EXCLUSIVE,389
SPECIALIST_02,MURA_TT_1059,EXCLUSIVE,390
SPECIALIST_02,MURA_TT_0345,EXCLUSIVE,391
SPECIALIST_02,MURA_TT_1680,EXCLUSIVE,392
SPECIALIST_02,MURA_TT_1703,EXCLUSIVE,393
SPECIALIST_02,MURA_TT_0772,EXCLUSIVE,394
SPECIALIST_02,MURA_TT_0401,EXCLUSIVE,395
SPECIALIST_02,MURA_TT_0457,SHARED,396
SPECIALIST_02,MURA_TT_0966,EXCLUSIVE,397
SPECIALIST_02,MURA_TT_1801,EXCLUSIVE,398
SPECIALIST_02,MURA_TT_1058,EXCLUSIVE,399
SPECIALIST_02,MURA_TT_1929,EXCLUSIVE,400
SPECIALIST_02,MURA_TT_1367,EXCLUSIVE,401
SPECIALIST_02,MURA_TT_1849,EXCLUSIVE,402
SPECIALIST_02,MURA_TT_0653,EXCLUSIVE,403
SPECIALIST_02,MURA_TT_0782,EXCLUSIVE,404
SPECIALIST_02,MURA_TT_1715,EXCLUSIVE,405
SPECIALIST_02,MURA_TT_1687,EXCLUSIVE,406
SPECIALIST_02,MURA_TT_0870,EXCLUSIVE,407
SPECIALIST_02,MURA_TT_1871,SHARED,408
SPECIALIST_02,MURA_TT_1062,SHARED,409
SPECIALIST_02,MURA_TT_0692,EXCLUSIVE,410
SPECIALIST_02,MURA_TT_1623,EXCLUSIVE,411
SPECIALIST_02,MURA_TT_0124,EXCLUSIVE,412
SPECIALIST_02,MURA_TT_0644,EXCLUSIVE,413
SPECIALIST_02,MURA_TT_1226,EXCLUSIVE,414
SPECIALIST_02,MURA_TT_0745,SHARED,415
SPECIALIST_02,MURA_TT_0103,EXCLUSIVE,416
SPECIALIST_02,MURA_TT_1267,EXCLUSIVE,417
SPECIALIST_02,MURA_TT_1503,EXCLUSIVE,418
SPECIALIST_02,MURA_TT_1829,EXCLUSIVE,419
SPECIALIST_02,MURA_TT_1357,EXCLUSIVE,420
SPECIALIST_02,MURA_TT_0279,EXCLUSIVE,421
SPECIALIST_02,MURA_TT_1604,SHARED,422
SPECIALIST_02,MURA_TT_0516,EXCLUSIVE,423
SPECIALIST_02,MURA_TT_1870,EXCLUSIVE,424
SPECIALIST_02,MURA_TT_1777,EXCLUSIVE,425
SPECIALIST_02,MURA_TT_0056,SHARED,426
SPECIALIST_02,MURA_TT_1754,EXCLUSIVE,427
SPECIALIST_02,MURA_TT_1651,EXCLUSIVE,428
SPECIALIST_02,MURA_TT_1177,EXCLUSIVE,429
SPECIALIST_02,MURA_TT_0596,EXCLUSIVE,430
SPECIALIST_02,MURA_TT_1407,EXCLUSIVE,431
SPECIALIST_02,MURA_TT_0882,EXCLUSIVE,432
SPECIALIST_02,MURA_TT_0509,EXCLUSIVE,433
SPECIALIST_02,MURA_TT_0663,EXCLUSIVE,434
SPECIALIST_02,MURA_TT_0058,SHARED,435
SPECIALIST_02,MURA_TT_0902,EXCLUSIVE,436
SPECIALIST_02,MURA_TT_1016,EXCLUSIVE,437
SPECIALIST_02,MURA_TT_0666,EXCLUSIVE,438
SPECIALIST_02,MURA_TT_0822,SHARED,439
SPECIALIST_02,MURA_TT_1306,EXCLUSIVE,440
SPECIALIST_02,MURA_TT_0422,SHARED,441
SPECIALIST_02,MURA_TT_0579,EXCLUSIVE,442
SPECIALIST_02,MURA_TT_0383,EXCLUSIVE,443
SPECIALIST_02,MURA_TT_0721,EXCLUSIVE,444
SPECIALIST_02,MURA_TT_1630,EXCLUSIVE,445
SPECIALIST_02,MURA_TT_1381,EXCLUSIVE,446
SPECIALIST_02,MURA_TT_0177,EXCLUSIVE,447
SPECIALIST_02,MURA_TT_1948,EXCLUSIVE,448
SPECIALIST_02,MURA_TT_1350,EXCLUSIVE,449
SPECIALIST_02,MURA_TT_0968,EXCLUSIVE,450
SPECIALIST_02,MURA_TT_0215,SHARED,451
SPECIALIST_02,MURA_TT_1333,EXCLUSIVE,452
SPECIALIST_02,MURA_TT_0060,EXCLUSIVE,453
SPECIALIST_02,MURA_TT_0728,EXCLUSIVE,454
SPECIALIST_02,MURA_TT_0603,EXCLUSIVE,455
SPECIALIST_02,MURA_TT_0802,EXCLUSIVE,456
SPECIALIST_02,MURA_TT_0605,EXCLUSIVE,457
SPECIALIST_02,MURA_TT_1039,EXCLUSIVE,458
SPECIALIST_02,MURA_TT_1869,EXCLUSIVE,459
SPECIALIST_02,MURA_TT_0180,EXCLUSIVE,460
SPECIALIST_02,MURA_TT_0447,EXCLUSIVE,461
SPECIALIST_02,MURA_TT_1490,SHARED,462
SPECIALIST_02,MURA_TT_1346,EXCLUSIVE,463
SPECIALIST_02,MURA_TT_0958,EXCLUSIVE,464
SPECIALIST_02,MURA_TT_0691,EXCLUSIVE,465
SPECIALIST_02,MURA_TT_0081,EXCLUSIVE,466
SPECIALIST_02,MURA_TT_0325,EXCLUSIVE,467
SPECIALIST_02,MURA_TT_0896,EXCLUSIVE,468
SPECIALIST_02,MURA_TT_1056,EXCLUSIVE,469
SPECIALIST_02,MURA_TT_1616,EXCLUSIVE,470
SPECIALIST_02,MURA_TT_0426,SHARED,471
SPECIALIST_02,MURA_TT_0458,EXCLUSIVE,472
SPECIALIST_02,MURA_TT_0874,EXCLUSIVE,473
SPECIALIST_02,MURA_TT_0024,EXCLUSIVE,474
SPECIALIST_02,MURA_TT_1280,SHARED,475
SPECIALIST_02,MURA_TT_0770,EXCLUSIVE,476
SPECIALIST_02,MURA_TT_1061,EXCLUSIVE,477
SPECIALIST_02,MURA_TT_0931,SHARED,478
SPECIALIST_02,MURA_TT_1788,EXCLUSIVE,479
SPECIALIST_02,MURA_TT_0320,SHARED,480
SPECIALIST_02,MURA_TT_0867,SHARED,481
SPECIALIST_02,MURA_TT_1824,EXCLUSIVE,482
SPECIALIST_02,MURA_TT_1742,EXCLUSIVE,483
SPECIALIST_02,MURA_TT_0917,EXCLUSIVE,484
SPECIALIST_02,MURA_TT_0268,EXCLUSIVE,485
SPECIALIST_02,MURA_TT_1124,EXCLUSIVE,486
SPECIALIST_02,MURA_TT_0196,SHARED,487
SPECIALIST_02,MURA_TT_1632,SHARED,488
SPECIALIST_02,MURA_TT_0567,EXCLUSIVE,489
SPECIALIST_02,MURA_TT_1424,EXCLUSIVE,490
SPECIALIST_02,MURA_TT_0577,EXCLUSIVE,491
SPECIALIST_02,MURA_TT_0754,EXCLUSIVE,492
SPECIALIST_02,MURA_TT_1173,EXCLUSIVE,493
SPECIALIST_02,MURA_TT_1167,EXCLUSIVE,494
SPECIALIST_02,MURA_TT_0719,SHARED,495
SPECIALIST_02,MURA_TT_1012,EXCLUSIVE,496
SPECIALIST_02,MURA_TT_1548,EXCLUSIVE,497
SPECIALIST_02,MURA_TT_0910,SHARED,498
SPECIALIST_02,MURA_TT_0399,EXCLUSIVE,499
SPECIALIST_02,MURA_TT_1362,EXCLUSIVE,500
SPECIALIST_02,MURA_TT_1782,EXCLUSIVE,501
SPECIALIST_02,MURA_TT_1014,EXCLUSIVE,502
SPECIALIST_02,MURA_TT_0972,EXCLUSIVE,503
SPECIALIST_02,MURA_TT_1236,SHARED,504
SPECIALIST_02,MURA_TT_1815,EXCLUSIVE,505
SPECIALIST_02,MURA_TT_0379,EXCLUSIVE,506
SPECIALIST_02,MURA_TT_1624,EXCLUSIVE,507
SPECIALIST_02,MURA_TT_0400,SHARED,508
SPECIALIST_02,MURA_TT_0776,EXCLUSIVE,509
SPECIALIST_02,MURA_TT_0228,SHARED,510
SPECIALIST_02,MURA_TT_1042,EXCLUSIVE,511
SPECIALIST_02,MURA_TT_0429,EXCLUSIVE,512
SPECIALIST_02,MURA_TT_0879,EXCLUSIVE,513
SPECIALIST_02,MURA_TT_0182,EXCLUSIVE,514
SPECIALIST_02,MURA_TT_1896,EXCLUSIVE,515
SPECIALIST_02,MURA_TT_1991,EXCLUSIVE,516
SPECIALIST_02,MURA_TT_1759,EXCLUSIVE,517
SPECIALIST_02,MURA_TT_1028,EXCLUSIVE,518
SPECIALIST_02,MURA_TT_1044,EXCLUSIVE,519
SPECIALIST_02,MURA_TT_0319,EXCLUSIVE,520
SPECIALIST_02,MURA_TT_0612,SHARED,521
SPECIALIST_02,MURA_TT_1964,EXCLUSIVE,522
SPECIALIST_02,MURA_TT_1492,EXCLUSIVE,523
SPECIALIST_02,MURA_TT_1570,EXCLUSIVE,524
SPECIALIST_02,MURA_TT_1183,EXCLUSIVE,525
SPECIALIST_02,MURA_TT_1276,EXCLUSIVE,526
SPECIALIST_02,MURA_TT_1844,EXCLUSIVE,527
SPECIALIST_02,MURA_TT_0601,EXCLUSIVE,528
SPECIALIST_02,MURA_TT_1617,EXCLUSIVE,529
SPECIALIST_02,MURA_TT_1384,EXCLUSIVE,530
SPECIALIST_02,MURA_TT_1547,EXCLUSIVE,531
SPECIALIST_02,MURA_TT_0128,EXCLUSIVE,532
SPECIALIST_02,MURA_TT_0200,EXCLUSIVE,533
SPECIALIST_02,MURA_TT_1721,EXCLUSIVE,534
SPECIALIST_02,MURA_TT_1487,EXCLUSIVE,535
SPECIALIST_02,MURA_TT_0835,EXCLUSIVE,536
SPECIALIST_02,MURA_TT_0473,EXCLUSIVE,537
SPECIALIST_02,MURA_TT_0314,EXCLUSIVE,538
SPECIALIST_02,MURA_TT_1765,EXCLUSIVE,539
SPECIALIST_02,MURA_TT_1949,EXCLUSIVE,540
SPECIALIST_02,MURA_TT_0885,EXCLUSIVE,541
SPECIALIST_02,MURA_TT_1892,SHARED,542
SPECIALIST_02,MURA_TT_0859,EXCLUSIVE,543
SPECIALIST_02,MURA_TT_0224,SHARED,544
SPECIALIST_02,MURA_TT_0989,SHARED,545
SPECIALIST_02,MURA_TT_1053,EXCLUSIVE,546
SPECIALIST_02,MURA_TT_0474,EXCLUSIVE,547
SPECIALIST_02,MURA_TT_0444,EXCLUSIVE,548
SPECIALIST_02,MURA_TT_0011,EXCLUSIVE,549
SPECIALIST_02,MURA_TT_0658,EXCLUSIVE,550
SPECIALIST_02,MURA_TT_1931,EXCLUSIVE,551
SPECIALIST_02,MURA_TT_1498,EXCLUSIVE,552
SPECIALIST_02,MURA_TT_1607,EXCLUSIVE,553
SPECIALIST_02,MURA_TT_0568,EXCLUSIVE,554
SPECIALIST_02,MURA_TT_0911,EXCLUSIVE,555
SPECIALIST_02,MURA_TT_1722,EXCLUSIVE,556
SPECIALIST_02,MURA_TT_1641,EXCLUSIVE,557
SPECIALIST_02,MURA_TT_0528,EXCLUSIVE,558
SPECIALIST_02,MURA_TT_1593,EXCLUSIVE,559
SPECIALIST_02,MURA_TT_0826,EXCLUSIVE,560
SPECIALIST_02,MURA_TT_0903,EXCLUSIVE,561
SPECIALIST_02,MURA_TT_1887,EXCLUSIVE,562
SPECIALIST_02,MURA_TT_1118,EXCLUSIVE,563
SPECIALIST_02,MURA_TT_0991,EXCLUSIVE,564
SPECIALIST_02,MURA_TT_0643,EXCLUSIVE,565
SPECIALIST_02,MURA_TT_1031,SHARED,566
SPECIALIST_02,MURA_TT_1794,EXCLUSIVE,567
SPECIALIST_02,MURA_TT_0072,EXCLUSIVE,568
SPECIALIST_02,MURA_TT_1099,EXCLUSIVE,569
SPECIALIST_02,MURA_TT_1464,EXCLUSIVE,570
SPECIALIST_02,MURA_TT_1893,EXCLUSIVE,571
SPECIALIST_02,MURA_TT_0358,EXCLUSIVE,572
SPECIALIST_02,MURA_TT_0602,EXCLUSIVE,573
SPECIALIST_02,MURA_TT_1219,SHARED,574
SPECIALIST_02,MURA_TT_1430,EXCLUSIVE,575
SPECIALIST_02,MURA_TT_1385,EXCLUSIVE,576
SPECIALIST_02,MURA_TT_1311,SHARED,577
SPECIALIST_02,MURA_TT_0511,SHARED,578
SPECIALIST_02,MURA_TT_0034,EXCLUSIVE,579
SPECIALIST_02,MURA_TT_0976,SHARED,580
SPECIALIST_02,MURA_TT_0210,EXCLUSIVE,581
SPECIALIST_02,MURA_TT_0664,EXCLUSIVE,582
SPECIALIST_02,MURA_TT_0823,EXCLUSIVE,583
SPECIALIST_02,MURA_TT_0505,EXCLUSIVE,584
SPECIALIST_02,MURA_TT_0430,EXCLUSIVE,585
SPECIALIST_02,MURA_TT_1409,EXCLUSIVE,586
SPECIALIST_02,MURA_TT_0107,EXCLUSIVE,587
SPECIALIST_02,MURA_TT_0202,EXCLUSIVE,588
SPECIALIST_02,MURA_TT_1092,EXCLUSIVE,589
SPECIALIST_02,MURA_TT_0808,SHARED,590
SPECIALIST_02,MURA_TT_0798,EXCLUSIVE,591
SPECIALIST_02,MURA_TT_0066,EXCLUSIVE,592
SPECIALIST_02,MURA_TT_0532,EXCLUSIVE,593
SPECIALIST_02,MURA_TT_0812,EXCLUSIVE,594
SPECIALIST_02,MURA_TT_1761,EXCLUSIVE,595
SPECIALIST_02,MURA_TT_1591,SHARED,596
SPECIALIST_02,MURA_TT_1133,EXCLUSIVE,597
SPECIALIST_02,MURA_TT_0234,EXCLUSIVE,598
SPECIALIST_02,MURA_TT_1473,EXCLUSIVE,599
SPECIALIST_02,MURA_TT_0838,EXCLUSIVE,600
SPECIALIST_02,MURA_TT_0296,EXCLUSIVE,601
SPECIALIST_02,MURA_TT_0145,EXCLUSIVE,602
SPECIALIST_02,MURA_TT_1400,EXCLUSIVE,603
SPECIALIST_02,MURA_TT_1865,SHARED,604
SPECIALIST_02,MURA_TT_0277,EXCLUSIVE,605
SPECIALIST_02,MURA_TT_0310,SHARED,606
SPECIALIST_02,MURA_TT_0389,SHARED,607
SPECIALIST_02,MURA_TT_0519,EXCLUSIVE,608
SPECIALIST_02,MURA_TT_0003,EXCLUSIVE,609
SPECIALIST_02,MURA_TT_1426,EXCLUSIVE,610
SPECIALIST_02,MURA_TT_0488,EXCLUSIVE,611
SPECIALIST_02,MURA_TT_1692,EXCLUSIVE,612
SPECIALIST_02,MURA_TT_1798,EXCLUSIVE,613
SPECIALIST_02,MURA_TT_1441,EXCLUSIVE,614
SPECIALIST_02,MURA_TT_1661,EXCLUSIVE,615
SPECIALIST_02,MURA_TT_1851,EXCLUSIVE,616
SPECIALIST_02,MURA_TT_0114,EXCLUSIVE,617
SPECIALIST_02,MURA_TT_1816,EXCLUSIVE,618
SPECIALIST_02,MURA_TT_0928,EXCLUSIVE,619
SPECIALIST_02,MURA_TT_1450,EXCLUSIVE,620
SPECIALIST_02,MURA_TT_0566,EXCLUSIVE,621
SPECIALIST_02,MURA_TT_1476,EXCLUSIVE,622
SPECIALIST_02,MURA_TT_1086,EXCLUSIVE,623
SPECIALIST_02,MURA_TT_0797,EXCLUSIVE,624
SPECIALIST_02,MURA_TT_0935,EXCLUSIVE,625
SPECIALIST_02,MURA_TT_0085,EXCLUSIVE,626
SPECIALIST_02,MURA_TT_0150,EXCLUSIVE,627
SPECIALIST_02,MURA_TT_0204,EXCLUSIVE,628
SPECIALIST_02,MURA_TT_0815,EXCLUSIVE,629
SPECIALIST_02,MURA_TT_1890,EXCLUSIVE,630
SPECIALIST_02,MURA_TT_0328,EXCLUSIVE,631
SPECIALIST_02,MURA_TT_0041,SHARED,632
SPECIALIST_02,MURA_TT_0962,EXCLUSIVE,633
SPECIALIST_02,MURA_TT_1442,EXCLUSIVE,634
SPECIALIST_02,MURA_TT_0573,SHARED,635
SPECIALIST_02,MURA_TT_1640,EXCLUSIVE,636
SPECIALIST_02,MURA_TT_0197,EXCLUSIVE,637
SPECIALIST_02,MURA_TT_1726,EXCLUSIVE,638
SPECIALIST_02,MURA_TT_1172,EXCLUSIVE,639
SPECIALIST_02,MURA_TT_1643,EXCLUSIVE,640
SPECIALIST_02,MURA_TT_0524,EXCLUSIVE,641
SPECIALIST_02,MURA_TT_1627,EXCLUSIVE,642
SPECIALIST_02,MURA_TT_0347,EXCLUSIVE,643
SPECIALIST_02,MURA_TT_1204,EXCLUSIVE,644
SPECIALIST_02,MURA_TT_0367,EXCLUSIVE,645
SPECIALIST_02,MURA_TT_0360,EXCLUSIVE,646
SPECIALIST_02,MURA_TT_1720,EXCLUSIVE,647
SPECIALIST_02,MURA_TT_1159,EXCLUSIVE,648
SPECIALIST_02,MURA_TT_0562,EXCLUSIVE,649
SPECIALIST_02,MURA_TT_0675,EXCLUSIVE,650
SPECIALIST_02,MURA_TT_0323,EXCLUSIVE,651
SPECIALIST_02,MURA_TT_1554,SHARED,652
SPECIALIST_02,MURA_TT_0729,EXCLUSIVE,653
SPECIALIST_02,MURA_TT_1161,EXCLUSIVE,654
SPECIALIST_02,MURA_TT_1090,EXCLUSIVE,655
SPECIALIST_02,MURA_TT_1495,EXCLUSIVE,656
SPECIALIST_02,MURA_TT_1181,EXCLUSIVE,657
SPECIALIST_02,MURA_TT_0832,EXCLUSIVE,658
SPECIALIST_02,MURA_TT_1677,EXCLUSIVE,659
SPECIALIST_02,MURA_TT_1764,EXCLUSIVE,660
SPECIALIST_02,MURA_TT_0539,EXCLUSIVE,661
SPECIALIST_02,MURA_TT_1060,EXCLUSIVE,662
SPECIALIST_02,MURA_TT_0801,EXCLUSIVE,663
SPECIALIST_02,MURA_TT_1995,EXCLUSIVE,664
SPECIALIST_02,MURA_TT_1884,EXCLUSIVE,665
SPECIALIST_02,MURA_TT_0450,EXCLUSIVE,666
SPECIALIST_02,MURA_TT_1835,SHARED,667
SPECIALIST_02,MURA_TT_0159,EXCLUSIVE,668
SPECIALIST_02,MURA_TT_1600,EXCLUSIVE,669
SPECIALIST_02,MURA_TT_1078,EXCLUSIVE,670
SPECIALIST_02,MURA_TT_0040,SHARED,671
SPECIALIST_02,MURA_TT_1601,EXCLUSIVE,672
SPECIALIST_02,MURA_TT_0005,EXCLUSIVE,673
SPECIALIST_02,MURA_TT_0765,EXCLUSIVE,674
SPECIALIST_02,MURA_TT_1983,EXCLUSIVE,675
SPECIALIST_02,MURA_TT_1899,SHARED,676
SPECIALIST_02,MURA_TT_1707,EXCLUSIVE,677
SPECIALIST_02,MURA_TT_1392,EXCLUSIVE,678
SPECIALIST_02,MURA_TT_1582,EXCLUSIVE,679
SPECIALIST_02,MURA_TT_0889,EXCLUSIVE,680
SPECIALIST_02,MURA_TT_0164,EXCLUSIVE,681
SPECIALIST_02,MURA_TT_0181,EXCLUSIVE,682
SPECIALIST_02,MURA_TT_1459,EXCLUSIVE,683
SPECIALIST_02,MURA_TT_1257,SHARED,684
SPECIALIST_02,MURA_TT_0892,SHARED,685
SPECIALIST_02,MURA_TT_1395,EXCLUSIVE,686
SPECIALIST_02,MURA_TT_0965,SHARED,687
SPECIALIST_02,MURA_TT_1237,EXCLUSIVE,688
SPECIALIST_02,MURA_TT_0713,SHARED,689
SPECIALIST_02,MURA_TT_1085,SHARED,690
SPECIALIST_02,MURA_TT_0854,EXCLUSIVE,691
SPECIALIST_02,MURA_TT_0906,EXCLUSIVE,692
SPECIALIST_02,MURA_TT_1405,EXCLUSIVE,693
SPECIALIST_02,MURA_TT_0259,EXCLUSIVE,694
SPECIALIST_02,MURA_TT_1189,EXCLUSIVE,695
SPECIALIST_02,MURA_TT_1288,EXCLUSIVE,696
SPECIALIST_02,MURA_TT_1804,EXCLUSIVE,697
SPECIALIST_02,MURA_TT_0252,EXCLUSIVE,698
SPECIALIST_02,MURA_TT_0452,EXCLUSIVE,699
SPECIALIST_02,MURA_TT_0536,EXCLUSIVE,700
SPECIALIST_02,MURA_TT_0233,EXCLUSIVE,701
SPECIALIST_02,MURA_TT_0520,EXCLUSIVE,702
SPECIALIST_02,MURA_TT_1685,EXCLUSIVE,703
SPECIALIST_02,MURA_TT_0806,SHARED,704
SPECIALIST_02,MURA_TT_1775,EXCLUSIVE,705
SPECIALIST_02,MURA_TT_1515,EXCLUSIVE,706
SPECIALIST_02,MURA_TT_0932,SHARED,707
SPECIALIST_02,MURA_TT_1985,EXCLUSIVE,708
SPECIALIST_02,MURA_TT_0388,EXCLUSIVE,709
SPECIALIST_02,MURA_TT_0934,EXCLUSIVE,710
SPECIALIST_02,MURA_TT_1610,EXCLUSIVE,711
SPECIALIST_02,MURA_TT_0541,EXCLUSIVE,712
SPECIALIST_02,MURA_TT_1990,EXCLUSIVE,713
SPECIALIST_02,MURA_TT_1340,EXCLUSIVE,714
SPECIALIST_02,MURA_TT_1019,EXCLUSIVE,715
SPECIALIST_02,MURA_TT_1712,EXCLUSIVE,716
SPECIALIST_02,MURA_TT_1417,EXCLUSIVE,717
SPECIALIST_02,MURA_TT_1809,SHARED,718
SPECIALIST_02,MURA_TT_1587,EXCLUSIVE,719
SPECIALIST_02,MURA_TT_0258,SHARED,720
SPECIALIST_02,MURA_TT_0359,EXCLUSIVE,721
SPECIALIST_02,MURA_TT_1508,EXCLUSIVE,722
SPECIALIST_02,MURA_TT_0696,EXCLUSIVE,723
SPECIALIST_02,MURA_TT_1178,EXCLUSIVE,724
SPECIALIST_02,MURA_TT_0445,SHARED,725
SPECIALIST_02,MURA_TT_1953,EXCLUSIVE,726
SPECIALIST_02,MURA_TT_0730,EXCLUSIVE,727
SPECIALIST_02,MURA_TT_1147,EXCLUSIVE,728
SPECIALIST_02,MURA_TT_1649,EXCLUSIVE,729
SPECIALIST_02,MURA_TT_0773,SHARED,730
SPECIALIST_02,MURA_TT_0795,EXCLUSIVE,731
SPECIALIST_02,MURA_TT_1497,EXCLUSIVE,732
SPECIALIST_02,MURA_TT_1586,EXCLUSIVE,733
SPECIALIST_03,MURA_TT_1453,EXCLUSIVE,1
SPECIALIST_03,MURA_TT_0931,SHARED,2
SPECIALIST_03,MURA_TT_1268,EXCLUSIVE,3
SPECIALIST_03,MURA_TT_0919,EXCLUSIVE,4
SPECIALIST_03,MURA_TT_0805,EXCLUSIVE,5
SPECIALIST_03,MURA_TT_1930,EXCLUSIVE,6
SPECIALIST_03,MURA_TT_1619,EXCLUSIVE,7
SPECIALIST_03,MURA_TT_0951,EXCLUSIVE,8
SPECIALIST_03,MURA_TT_0396,EXCLUSIVE,9
SPECIALIST_03,MURA_TT_1364,EXCLUSIVE,10
SPECIALIST_03,MURA_TT_0775,EXCLUSIVE,11
SPECIALIST_03,MURA_TT_1825,EXCLUSIVE,12
SPECIALIST_03,MURA_TT_1524,SHARED,13
SPECIALIST_03,MURA_TT_0320,SHARED,14
SPECIALIST_03,MURA_TT_0648,EXCLUSIVE,15
SPECIALIST_03,MURA_TT_0058,SHARED,16
SPECIALIST_03,MURA_TT_1390,EXCLUSIVE,17
SPECIALIST_03,MURA_TT_0781,EXCLUSIVE,18
SPECIALIST_03,MURA_TT_0100,EXCLUSIVE,19
SPECIALIST_03,MURA_TT_0609,EXCLUSIVE,20
SPECIALIST_03,MURA_TT_0019,EXCLUSIVE,21
SPECIALIST_03,MURA_TT_0487,EXCLUSIVE,22
SPECIALIST_03,MURA_TT_0521,EXCLUSIVE,23
SPECIALIST_03,MURA_TT_1489,EXCLUSIVE,24
SPECIALIST_03,MURA_TT_1719,EXCLUSIVE,25
SPECIALIST_03,MURA_TT_1633,EXCLUSIVE,26
SPECIALIST_03,MURA_TT_0353,SHARED,27
SPECIALIST_03,MURA_TT_1781,EXCLUSIVE,28
SPECIALIST_03,MURA_TT_1348,EXCLUSIVE,29
SPECIALIST_03,MURA_TT_0080,EXCLUSIVE,30
SPECIALIST_03,MURA_TT_1474,SHARED,31
SPECIALIST_03,MURA_TT_0318,SHARED,32
SPECIALIST_03,MURA_TT_0981,SHARED,33
SPECIALIST_03,MURA_TT_1751,EXCLUSIVE,34
SPECIALIST_03,MURA_TT_0270,EXCLUSIVE,35
SPECIALIST_03,MURA_TT_1657,EXCLUSIVE,36
SPECIALIST_03,MURA_TT_0926,EXCLUSIVE,37
SPECIALIST_03,MURA_TT_1259,EXCLUSIVE,38
SPECIALIST_03,MURA_TT_1076,EXCLUSIVE,39
SPECIALIST_03,MURA_TT_0101,EXCLUSIVE,40
SPECIALIST_03,MURA_TT_1809,SHARED,41
SPECIALIST_03,MURA_TT_1332,EXCLUSIVE,42
SPECIALIST_03,MURA_TT_1341,EXCLUSIVE,43
SPECIALIST_03,MURA_TT_1791,EXCLUSIVE,44
SPECIALIST_03,MURA_TT_0824,EXCLUSIVE,45
SPECIALIST_03,MURA_TT_0300,EXCLUSIVE,46
SPECIALIST_03,MURA_TT_0930,EXCLUSIVE,47
SPECIALIST_03,MURA_TT_0073,EXCLUSIVE,48
SPECIALIST_03,MURA_TT_1387,EXCLUSIVE,49
SPECIALIST_03,MURA_TT_1017,EXCLUSIVE,50
SPECIALIST_03,MURA_TT_0665,SHARED,51
SPECIALIST_03,MURA_TT_1049,EXCLUSIVE,52
SPECIALIST_03,MURA_TT_0309,EXCLUSIVE,53
SPECIALIST_03,MURA_TT_1898,EXCLUSIVE,54
SPECIALIST_03,MURA_TT_1618,EXCLUSIVE,55
SPECIALIST_03,MURA_TT_0548,SHARED,56
SPECIALIST_03,MURA_TT_0987,EXCLUSIVE,57
SPECIALIST_03,MURA_TT_0047,EXCLUSIVE,58
SPECIALIST_03,MURA_TT_1435,EXCLUSIVE,59
SPECIALIST_03,MURA_TT_0794,EXCLUSIVE,60
SPECIALIST_03,MURA_TT_0253,EXCLUSIVE,61
SPECIALIST_03,MURA_TT_1113,EXCLUSIVE,62
SPECIALIST_03,MURA_TT_0998,EXCLUSIVE,63
SPECIALIST_03,MURA_TT_0235,EXCLUSIVE,64
SPECIALIST_03,MURA_TT_0937,EXCLUSIVE,65
SPECIALIST_03,MURA_TT_0134,EXCLUSIVE,66
SPECIALIST_03,MURA_TT_0645,EXCLUSIVE,67
SPECIALIST_03,MURA_TT_0796,EXCLUSIVE,68
SPECIALIST_03,MURA_TT_1239,EXCLUSIVE,69
SPECIALIST_03,MURA_TT_0295,SHARED,70
SPECIALIST_03,MURA_TT_0001,EXCLUSIVE,71
SPECIALIST_03,MURA_TT_0623,EXCLUSIVE,72
SPECIALIST_03,MURA_TT_1911,EXCLUSIVE,73
SPECIALIST_03,MURA_TT_0527,EXCLUSIVE,74
SPECIALIST_03,MURA_TT_1421,EXCLUSIVE,75
SPECIALIST_03,MURA_TT_1580,EXCLUSIVE,76
SPECIALIST_03,MURA_TT_1679,EXCLUSIVE,77
SPECIALIST_03,MURA_TT_1149,EXCLUSIVE,78
SPECIALIST_03,MURA_TT_1527,EXCLUSIVE,79
SPECIALIST_03,MURA_TT_1164,EXCLUSIVE,80
SPECIALIST_03,MURA_TT_0390,EXCLUSIVE,81
SPECIALIST_03,MURA_TT_1541,EXCLUSIVE,82
SPECIALIST_03,MURA_TT_1359,EXCLUSIVE,83
SPECIALIST_03,MURA_TT_0954,EXCLUSIVE,84
SPECIALIST_03,MURA_TT_0938,EXCLUSIVE,85
SPECIALIST_03,MURA_TT_0564,SHARED,86
SPECIALIST_03,MURA_TT_0803,EXCLUSIVE,87
SPECIALIST_03,MURA_TT_0925,EXCLUSIVE,88
SPECIALIST_03,MURA_TT_0137,EXCLUSIVE,89
SPECIALIST_03,MURA_TT_1108,EXCLUSIVE,90
SPECIALIST_03,MURA_TT_0699,EXCLUSIVE,91
SPECIALIST_03,MURA_TT_0693,EXCLUSIVE,92
SPECIALIST_03,MURA_TT_0657,SHARED,93
SPECIALIST_03,MURA_TT_0589,EXCLUSIVE,94
SPECIALIST_03,MURA_TT_0369,EXCLUSIVE,95
SPECIALIST_03,MURA_TT_0759,EXCLUSIVE,96
SPECIALIST_03,MURA_TT_1875,EXCLUSIVE,97
SPECIALIST_03,MURA_TT_0576,EXCLUSIVE,98
SPECIALIST_03,MURA_TT_1932,EXCLUSIVE,99
SPECIALIST_03,MURA_TT_0761,EXCLUSIVE,100
SPECIALIST_03,MURA_TT_1858,EXCLUSIVE,101
SPECIALIST_03,MURA_TT_1342,EXCLUSIVE,102
SPECIALIST_03,MURA_TT_0092,SHARED,103
SPECIALIST_03,MURA_TT_1736,EXCLUSIVE,104
SPECIALIST_03,MURA_TT_0136,EXCLUSIVE,105
SPECIALIST_03,MURA_TT_0992,EXCLUSIVE,106
SPECIALIST_03,MURA_TT_1590,EXCLUSIVE,107
SPECIALIST_03,MURA_TT_0945,EXCLUSIVE,108
SPECIALIST_03,MURA_TT_1992,EXCLUSIVE,109
SPECIALIST_03,MURA_TT_1888,EXCLUSIVE,110
SPECIALIST_03,MURA_TT_1920,EXCLUSIVE,111
SPECIALIST_03,MURA_TT_0561,EXCLUSIVE,112
SPECIALIST_03,MURA_TT_1309,EXCLUSIVE,113
SPECIALIST_03,MURA_TT_0356,EXCLUSIVE,114
SPECIALIST_03,MURA_TT_0043,EXCLUSIVE,115
SPECIALIST_03,MURA_TT_1128,EXCLUSIVE,116
SPECIALIST_03,MURA_TT_0583,EXCLUSIVE,117
SPECIALIST_03,MURA_TT_1250,EXCLUSIVE,118
SPECIALIST_03,MURA_TT_0463,EXCLUSIVE,119
SPECIALIST_03,MURA_TT_0403,EXCLUSIVE,120
SPECIALIST_03,MURA_TT_0332,EXCLUSIVE,121
SPECIALIST_03,MURA_TT_1626,EXCLUSIVE,122
SPECIALIST_03,MURA_TT_1519,EXCLUSIVE,123
SPECIALIST_03,MURA_TT_0344,EXCLUSIVE,124
SPECIALIST_03,MURA_TT_0582,EXCLUSIVE,125
SPECIALIST_03,MURA_TT_0394,EXCLUSIVE,126
SPECIALIST_03,MURA_TT_0957,EXCLUSIVE,127
SPECIALIST_03,MURA_TT_1979,EXCLUSIVE,128
SPECIALIST_03,MURA_TT_1075,EXCLUSIVE,129
SPECIALIST_03,MURA_TT_1055,EXCLUSIVE,130
SPECIALIST_03,MURA_TT_1704,EXCLUSIVE,131
SPECIALIST_03,MURA_TT_0311,EXCLUSIVE,132
SPECIALIST_03,MURA_TT_0565,EXCLUSIVE,133
SPECIALIST_03,MURA_TT_0829,EXCLUSIVE,134
SPECIALIST_03,MURA_TT_0056,SHARED,135
SPECIALIST_03,MURA_TT_1546,EXCLUSIVE,136
SPECIALIST_03,MURA_TT_1505,EXCLUSIVE,137
SPECIALIST_03,MURA_TT_1420,EXCLUSIVE,138
SPECIALIST_03,MURA_TT_0067,EXCLUSIVE,139
SPECIALIST_03,MURA_TT_0061,EXCLUSIVE,140
SPECIALIST_03,MURA_TT_0615,EXCLUSIVE,141
SPECIALIST_03,MURA_TT_1629,EXCLUSIVE,142
SPECIALIST_03,MURA_TT_0196,SHARED,143
SPECIALIST_03,MURA_TT_1943,EXCLUSIVE,144
SPECIALIST_03,MURA_TT_1120,EXCLUSIVE,145
SPECIALIST_03,MURA_TT_1534,EXCLUSIVE,146
SPECIALIST_03,MURA_TT_0910,SHARED,147
SPECIALIST_03,MURA_TT_0038,EXCLUSIVE,148
SPECIALIST_03,MURA_TT_0475,EXCLUSIVE,149
SPECIALIST_03,MURA_TT_0840,SHARED,150
SPECIALIST_03,MURA_TT_1972,EXCLUSIVE,151
SPECIALIST_03,MURA_TT_0821,EXCLUSIVE,152
SPECIALIST_03,MURA_TT_0225,EXCLUSIVE,153
SPECIALIST_03,MURA_TT_0089,EXCLUSIVE,154
SPECIALIST_03,MURA_TT_1140,EXCLUSIVE,155
SPECIALIST_03,MURA_TT_1857,EXCLUSIVE,156
SPECIALIST_03,MURA_TT_1532,EXCLUSIVE,157
SPECIALIST_03,MURA_TT_1563,EXCLUSIVE,158
SPECIALIST_03,MURA_TT_0586,EXCLUSIVE,159
SPECIALIST_03,MURA_TT_1689,SHARED,160
SPECIALIST_03,MURA_TT_0283,EXCLUSIVE,161
SPECIALIST_03,MURA_TT_0046,EXCLUSIVE,162
SPECIALIST_03,MURA_TT_1688,EXCLUSIVE,163
SPECIALIST_03,MURA_TT_1886,EXCLUSIVE,164
SPECIALIST_03,MURA_TT_0612,SHARED,165
SPECIALIST_03,MURA_TT_1087,EXCLUSIVE,166
SPECIALIST_03,MURA_TT_1057,EXCLUSIVE,167
SPECIALIST_03,MURA_TT_0688,EXCLUSIVE,168
SPECIALIST_03,MURA_TT_0529,EXCLUSIVE,169
SPECIALIST_03,MURA_TT_1883,EXCLUSIVE,170
SPECIALIST_03,MURA_TT_0148,EXCLUSIVE,171
SPECIALIST_03,MURA_TT_0216,EXCLUSIVE,172
SPECIALIST_03,MURA_TT_1070,EXCLUSIVE,173
SPECIALIST_03,MURA_TT_1848,EXCLUSIVE,174
SPECIALIST_03,MURA_TT_1667,EXCLUSIVE,175
SPECIALIST_03,MURA_TT_1319,EXCLUSIVE,176
SPECIALIST_03,MURA_TT_0662,EXCLUSIVE,177
SPECIALIST_03,MURA_TT_0116,EXCLUSIVE,178
SPECIALIST_03,MURA_TT_1330,EXCLUSIVE,179
SPECIALIST_03,MURA_TT_1549,EXCLUSIVE,180
SPECIALIST_03,MURA_TT_1205,EXCLUSIVE,181
SPECIALIST_03,MURA_TT_1945,EXCLUSIVE,182
SPECIALIST_03,MURA_TT_1248,EXCLUSIVE,183
SPECIALIST_03,MURA_TT_0409,EXCLUSIVE,184
SPECIALIST_03,MURA_TT_1386,EXCLUSIVE,185
SPECIALIST_03,MURA_TT_0266,EXCLUSIVE,186
SPECIALIST_03,MURA_TT_0702,EXCLUSIVE,187
SPECIALIST_03,MURA_TT_0176,EXCLUSIVE,188
SPECIALIST_03,MURA_TT_1308,EXCLUSIVE,189
SPECIALIST_03,MURA_TT_0678,EXCLUSIVE,190
SPECIALIST_03,MURA_TT_0215,SHARED,191
SPECIALIST_03,MURA_TT_1321,EXCLUSIVE,192
SPECIALIST_03,MURA_TT_1772,EXCLUSIVE,193
SPECIALIST_03,MURA_TT_1711,EXCLUSIVE,194
SPECIALIST_03,MURA_TT_1655,EXCLUSIVE,195
SPECIALIST_03,MURA_TT_0222,EXCLUSIVE,196
SPECIALIST_03,MURA_TT_0096,EXCLUSIVE,197
SPECIALIST_03,MURA_TT_0762,EXCLUSIVE,198
SPECIALIST_03,MURA_TT_0117,EXCLUSIVE,199
SPECIALIST_03,MURA_TT_1588,EXCLUSIVE,200
SPECIALIST_03,MURA_TT_0162,EXCLUSIVE,201
SPECIALIST_03,MURA_TT_1664,EXCLUSIVE,202
SPECIALIST_03,MURA_TT_0135,EXCLUSIVE,203
SPECIALIST_03,MURA_TT_0457,SHARED,204
SPECIALIST_03,MURA_TT_1774,EXCLUSIVE,205
SPECIALIST_03,MURA_TT_0251,EXCLUSIVE,206
SPECIALIST_03,MURA_TT_1369,EXCLUSIVE,207
SPECIALIST_03,MURA_TT_0888,EXCLUSIVE,208
SPECIALIST_03,MURA_TT_0377,EXCLUSIVE,209
SPECIALIST_03,MURA_TT_0368,EXCLUSIVE,210
SPECIALIST_03,MURA_TT_0538,EXCLUSIVE,211
SPECIALIST_03,MURA_TT_1439,EXCLUSIVE,212
SPECIALIST_03,MURA_TT_0764,EXCLUSIVE,213
SPECIALIST_03,MURA_TT_1312,EXCLUSIVE,214
SPECIALIST_03,MURA_TT_1659,EXCLUSIVE,215
SPECIALIST_03,MURA_TT_1271,EXCLUSIVE,216
SPECIALIST_03,MURA_TT_0098,EXCLUSIVE,217
SPECIALIST_03,MURA_TT_1526,EXCLUSIVE,218
SPECIALIST_03,MURA_TT_1522,EXCLUSIVE,219
SPECIALIST_03,MURA_TT_1952,EXCLUSIVE,220
SPECIALIST_03,MURA_TT_1770,EXCLUSIVE,221
SPECIALIST_03,MURA_TT_1783,EXCLUSIVE,222
SPECIALIST_03,MURA_TT_1867,EXCLUSIVE,223
SPECIALIST_03,MURA_TT_0335,EXCLUSIVE,224
SPECIALIST_03,MURA_TT_1963,EXCLUSIVE,225
SPECIALIST_03,MURA_TT_0774,EXCLUSIVE,226
SPECIALIST_03,MURA_TT_0156,EXCLUSIVE,227
SPECIALIST_03,MURA_TT_0375,EXCLUSIVE,228
SPECIALIST_03,MURA_TT_1184,EXCLUSIVE,229
SPECIALIST_03,MURA_TT_0417,EXCLUSIVE,230
SPECIALIST_03,MURA_TT_0014,EXCLUSIVE,231
SPECIALIST_03,MURA_TT_1577,EXCLUSIVE,232
SPECIALIST_03,MURA_TT_0618,EXCLUSIVE,233
SPECIALIST_03,MURA_TT_0578,EXCLUSIVE,234
SPECIALIST_03,MURA_TT_0646,EXCLUSIVE,235
SPECIALIST_03,MURA_TT_0337,EXCLUSIVE,236
SPECIALIST_03,MURA_TT_1904,EXCLUSIVE,237
SPECIALIST_03,MURA_TT_1109,EXCLUSIVE,238
SPECIALIST_03,MURA_TT_0199,EXCLUSIVE,239
SPECIALIST_03,MURA_TT_1718,EXCLUSIVE,240
SPECIALIST_03,MURA_TT_0371,EXCLUSIVE,241
SPECIALIST_03,MURA_TT_0685,EXCLUSIVE,242
SPECIALIST_03,MURA_TT_1085,SHARED,243
SPECIALIST_03,MURA_TT_0845,EXCLUSIVE,244
SPECIALIST_03,MURA_TT_0364,EXCLUSIVE,245
SPECIALIST_03,MURA_TT_1193,EXCLUSIVE,246
SPECIALIST_03,MURA_TT_0437,EXCLUSIVE,247
SPECIALIST_03,MURA_TT_1067,EXCLUSIVE,248
SPECIALIST_03,MURA_TT_0232,EXCLUSIVE,249
SPECIALIST_03,MURA_TT_0587,EXCLUSIVE,250
SPECIALIST_03,MURA_TT_1228,EXCLUSIVE,251
SPECIALIST_03,MURA_TT_1603,EXCLUSIVE,252
SPECIALIST_03,MURA_TT_0995,EXCLUSIVE,253
SPECIALIST_03,MURA_TT_1681,EXCLUSIVE,254
SPECIALIST_03,MURA_TT_1298,EXCLUSIVE,255
SPECIALIST_03,MURA_TT_1005,EXCLUSIVE,256
SPECIALIST_03,MURA_TT_0051,EXCLUSIVE,257
SPECIALIST_03,MURA_TT_0636,EXCLUSIVE,258
SPECIALIST_03,MURA_TT_0690,SHARED,259
SPECIALIST_03,MURA_TT_0213,EXCLUSIVE,260
SPECIALIST_03,MURA_TT_0920,SHARED,261
SPECIALIST_03,MURA_TT_1432,EXCLUSIVE,262
SPECIALIST_03,MURA_TT_0241,EXCLUSIVE,263
SPECIALIST_03,MURA_TT_1151,EXCLUSIVE,264
SPECIALIST_03,MURA_TT_1380,EXCLUSIVE,265
SPECIALIST_03,MURA_TT_1155,EXCLUSIVE,266
SPECIALIST_03,MURA_TT_1129,EXCLUSIVE,267
SPECIALIST_03,MURA_TT_1608,EXCLUSIVE,268
SPECIALIST_03,MURA_TT_1567,EXCLUSIVE,269
SPECIALIST_03,MURA_TT_1141,EXCLUSIVE,270
SPECIALIST_03,MURA_TT_1201,EXCLUSIVE,271
SPECIALIST_03,MURA_TT_1544,EXCLUSIVE,272
SPECIALIST_03,MURA_TT_0188,EXCLUSIVE,273
SPECIALIST_03,MURA_TT_0806,SHARED,274
SPECIALIST_03,MURA_TT_1686,EXCLUSIVE,275
SPECIALIST_03,MURA_TT_0785,EXCLUSIVE,276
SPECIALIST_03,MURA_TT_0786,EXCLUSIVE,277
SPECIALIST_03,MURA_TT_0878,EXCLUSIVE,278
SPECIALIST_03,MURA_TT_1993,EXCLUSIVE,279
SPECIALIST_03,MURA_TT_0863,EXCLUSIVE,280
SPECIALIST_03,MURA_TT_1434,EXCLUSIVE,281
SPECIALIST_03,MURA_TT_0932,SHARED,282
SPECIALIST_03,MURA_TT_0677,EXCLUSIVE,283
SPECIALIST_03,MURA_TT_0652,EXCLUSIVE,284
SPECIALIST_03,MURA_TT_0075,SHARED,285
SPECIALIST_03,MURA_TT_0946,EXCLUSIVE,286
SPECIALIST_03,MURA_TT_1213,EXCLUSIVE,287
SPECIALIST_03,MURA_TT_0146,EXCLUSIVE,288
SPECIALIST_03,MURA_TT_0127,EXCLUSIVE,289
SPECIALIST_03,MURA_TT_1277,EXCLUSIVE,290
SPECIALIST_03,MURA_TT_1793,EXCLUSIVE,291
SPECIALIST_03,MURA_TT_1081,EXCLUSIVE,292
SPECIALIST_03,MURA_TT_0984,EXCLUSIVE,293
SPECIALIST_03,MURA_TT_0307,EXCLUSIVE,294
SPECIALIST_03,MURA_TT_1062,SHARED,295
SPECIALIST_03,MURA_TT_1784,EXCLUSIVE,296
SPECIALIST_03,MURA_TT_0506,EXCLUSIVE,297
SPECIALIST_03,MURA_TT_1071,EXCLUSIVE,298
SPECIALIST_03,MURA_TT_0123,EXCLUSIVE,299
SPECIALIST_03,MURA_TT_1881,EXCLUSIVE,300
SPECIALIST_03,MURA_TT_0773,SHARED,301
SPECIALIST_03,MURA_TT_1169,SHARED,302
SPECIALIST_03,MURA_TT_1038,EXCLUSIVE,303
SPECIALIST_03,MURA_TT_1903,EXCLUSIVE,304
SPECIALIST_03,MURA_TT_0422,SHARED,305
SPECIALIST_03,MURA_TT_1583,EXCLUSIVE,306
SPECIALIST_03,MURA_TT_1729,EXCLUSIVE,307
SPECIALIST_03,MURA_TT_0755,EXCLUSIVE,308
SPECIALIST_03,MURA_TT_1347,EXCLUSIVE,309
SPECIALIST_03,MURA_TT_1725,EXCLUSIVE,310
SPECIALIST_03,MURA_TT_1572,EXCLUSIVE,311
SPECIALIST_03,MURA_TT_0856,EXCLUSIVE,312
SPECIALIST_03,MURA_TT_0942,EXCLUSIVE,313
SPECIALIST_03,MURA_TT_0342,SHARED,314
SPECIALIST_03,MURA_TT_1468,SHARED,315
SPECIALIST_03,MURA_TT_0921,EXCLUSIVE,316
SPECIALIST_03,MURA_TT_0362,EXCLUSIVE,317
SPECIALIST_03,MURA_TT_0009,EXCLUSIVE,318
SPECIALIST_03,MURA_TT_1826,EXCLUSIVE,319
SPECIALIST_03,MURA_TT_1050,EXCLUSIVE,320
SPECIALIST_03,MURA_TT_0035,EXCLUSIVE,321
SPECIALIST_03,MURA_TT_0248,EXCLUSIVE,322
SPECIALIST_03,MURA_TT_0635,EXCLUSIVE,323
SPECIALIST_03,MURA_TT_1597,EXCLUSIVE,324
SPECIALIST_03,MURA_TT_1311,SHARED,325
SPECIALIST_03,MURA_TT_1339,EXCLUSIVE,326
SPECIALIST_03,MURA_TT_0025,EXCLUSIVE,327
SPECIALIST_03,MURA_TT_1554,SHARED,328
SPECIALIST_03,MURA_TT_0768,EXCLUSIVE,329
SPECIALIST_03,MURA_TT_1592,EXCLUSIVE,330
SPECIALIST_03,MURA_TT_0952,EXCLUSIVE,331
SPECIALIST_03,MURA_TT_1355,EXCLUSIVE,332
SPECIALIST_03,MURA_TT_0168,EXCLUSIVE,333
SPECIALIST_03,MURA_TT_0499,EXCLUSIVE,334
SPECIALIST_03,MURA_TT_1106,EXCLUSIVE,335
SPECIALIST_03,MURA_TT_1093,EXCLUSIVE,336
SPECIALIST_03,MURA_TT_0743,EXCLUSIVE,337
SPECIALIST_03,MURA_TT_1123,EXCLUSIVE,338
SPECIALIST_03,MURA_TT_0125,EXCLUSIVE,339
SPECIALIST_03,MURA_TT_0687,EXCLUSIVE,340
SPECIALIST_03,MURA_TT_0258,SHARED,341
SPECIALIST_03,MURA_TT_0697,EXCLUSIVE,342
SPECIALIST_03,MURA_TT_1486,EXCLUSIVE,343
SPECIALIST_03,MURA_TT_1009,EXCLUSIVE,344
SPECIALIST_03,MURA_TT_1740,SHARED,345
SPECIALIST_03,MURA_TT_1360,EXCLUSIVE,346
SPECIALIST_03,MURA_TT_1910,EXCLUSIVE,347
SPECIALIST_03,MURA_TT_1542,EXCLUSIVE,348
SPECIALIST_03,MURA_TT_1066,EXCLUSIVE,349
SPECIALIST_03,MURA_TT_1136,SHARED,350
SPECIALIST_03,MURA_TT_1611,EXCLUSIVE,351
SPECIALIST_03,MURA_TT_1620,EXCLUSIVE,352
SPECIALIST_03,MURA_TT_1965,EXCLUSIVE,353
SPECIALIST_03,MURA_TT_0491,EXCLUSIVE,354
SPECIALIST_03,MURA_TT_0997,EXCLUSIVE,355
SPECIALIST_03,MURA_TT_1660,EXCLUSIVE,356
SPECIALIST_03,MURA_TT_1769,EXCLUSIVE,357
SPECIALIST_03,MURA_TT_0226,EXCLUSIVE,358
SPECIALIST_03,MURA_TT_1281,EXCLUSIVE,359
SPECIALIST_03,MURA_TT_1232,EXCLUSIVE,360
SPECIALIST_03,MURA_TT_0221,EXCLUSIVE,361
SPECIALIST_03,MURA_TT_0091,EXCLUSIVE,362
SPECIALIST_03,MURA_TT_0614,EXCLUSIVE,363
SPECIALIST_03,MURA_TT_1210,EXCLUSIVE,364
SPECIALIST_03,MURA_TT_1371,EXCLUSIVE,365
SPECIALIST_03,MURA_TT_1195,EXCLUSIVE,366
SPECIALIST_03,MURA_TT_1244,EXCLUSIVE,367
SPECIALIST_03,MURA_TT_0698,EXCLUSIVE,368
SPECIALIST_03,MURA_TT_0949,SHARED,369
SPECIALIST_03,MURA_TT_1663,EXCLUSIVE,370
SPECIALIST_03,MURA_TT_1533,EXCLUSIVE,371
SPECIALIST_03,MURA_TT_0384,EXCLUSIVE,372
SPECIALIST_03,MURA_TT_1433,EXCLUSIVE,373
SPECIALIST_03,MURA_TT_1270,EXCLUSIVE,374
SPECIALIST_03,MURA_TT_1246,EXCLUSIVE,375
SPECIALIST_03,MURA_TT_0455,EXCLUSIVE,376
SPECIALIST_03,MURA_TT_0428,EXCLUSIVE,377
SPECIALIST_03,MURA_TT_1052,EXCLUSIVE,378
SPECIALIST_03,MURA_TT_1967,EXCLUSIVE,379
SPECIALIST_03,MURA_TT_0559,EXCLUSIVE,380
SPECIALIST_03,MURA_TT_1021,EXCLUSIVE,381
SPECIALIST_03,MURA_TT_0151,EXCLUSIVE,382
SPECIALIST_03,MURA_TT_0224,SHARED,383
SPECIALIST_03,MURA_TT_1984,EXCLUSIVE,384
SPECIALIST_03,MURA_TT_0792,EXCLUSIVE,385
SPECIALIST_03,MURA_TT_1591,SHARED,386
SPECIALIST_03,MURA_TT_0262,EXCLUSIVE,387
SPECIALIST_03,MURA_TT_0326,EXCLUSIVE,388
SPECIALIST_03,MURA_TT_0154,EXCLUSIVE,389
SPECIALIST_03,MURA_TT_0590,EXCLUSIVE,390
SPECIALIST_03,MURA_TT_1615,EXCLUSIVE,391
SPECIALIST_03,MURA_TT_1354,EXCLUSIVE,392
SPECIALIST_03,MURA_TT_1303,EXCLUSIVE,393
SPECIALIST_03,MURA_TT_0406,SHARED,394
SPECIALIST_03,MURA_TT_0376,EXCLUSIVE,395
SPECIALIST_03,MURA_TT_1198,EXCLUSIVE,396
SPECIALIST_03,MURA_TT_1986,SHARED,397
SPECIALIST_03,MURA_TT_1137,EXCLUSIVE,398
SPECIALIST_03,MURA_TT_1987,EXCLUSIVE,399
SPECIALIST_03,MURA_TT_1091,EXCLUSIVE,400
SPECIALIST_03,MURA_TT_1606,EXCLUSIVE,401
SPECIALIST_03,MURA_TT_0732,EXCLUSIVE,402
SPECIALIST_03,MURA_TT_0983,EXCLUSIVE,403
SPECIALIST_03,MURA_TT_1122,EXCLUSIVE,404
SPECIALIST_03,MURA_TT_1807,EXCLUSIVE,405
SPECIALIST_03,MURA_TT_0486,EXCLUSIVE,406
SPECIALIST_03,MURA_TT_0960,EXCLUSIVE,407
SPECIALIST_03,MURA_TT_0122,EXCLUSIVE,408
SPECIALIST_03,MURA_TT_0106,SHARED,409
SPECIALIST_03,MURA_TT_0513,EXCLUSIVE,410
SPECIALIST_03,MURA_TT_1810,EXCLUSIVE,411
SPECIALIST_03,MURA_TT_0413,EXCLUSIVE,412
SPECIALIST_03,MURA_TT_0533,EXCLUSIVE,413
SPECIALIST_03,MURA_TT_1285,EXCLUSIVE,414
SPECIALIST_03,MURA_TT_1011,EXCLUSIVE,415
SPECIALIST_03,MURA_TT_0735,EXCLUSIVE,416
SPECIALIST_03,MURA_TT_1127,EXCLUSIVE,417
SPECIALIST_03,MURA_TT_1668,SHARED,418
SPECIALIST_03,MURA_TT_0040,SHARED,419
SPECIALIST_03,MURA_TT_0421,EXCLUSIVE,420
SPECIALIST_03,MURA_TT_0537,EXCLUSIVE,421
SPECIALIST_03,MURA_TT_1878,EXCLUSIVE,422
SPECIALIST_03,MURA_TT_0183,EXCLUSIVE,423
SPECIALIST_03,MURA_TT_0791,EXCLUSIVE,424
SPECIALIST_03,MURA_TT_0290,EXCLUSIVE,425
SPECIALIST_03,MURA_TT_1300,SHARED,426
SPECIALIST_03,MURA_TT_0638,EXCLUSIVE,427
SPECIALIST_03,MURA_TT_1414,EXCLUSIVE,428
SPECIALIST_03,MURA_TT_1199,EXCLUSIVE,429
SPECIALIST_03,MURA_TT_1031,SHARED,430
SPECIALIST_03,MURA_TT_1917,EXCLUSIVE,431
SPECIALIST_03,MURA_TT_1957,EXCLUSIVE,432
SPECIALIST_03,MURA_TT_1767,EXCLUSIVE,433
SPECIALIST_03,MURA_TT_1960,EXCLUSIVE,434
SPECIALIST_03,MURA_TT_1856,EXCLUSIVE,435
SPECIALIST_03,MURA_TT_1647,EXCLUSIVE,436
SPECIALIST_03,MURA_TT_1418,EXCLUSIVE,437
SPECIALIST_03,MURA_TT_1202,EXCLUSIVE,438
SPECIALIST_03,MURA_TT_1944,EXCLUSIVE,439
SPECIALIST_03,MURA_TT_1233,EXCLUSIVE,440
SPECIALIST_03,MURA_TT_0236,EXCLUSIVE,441
SPECIALIST_03,MURA_TT_1304,SHARED,442
SPECIALIST_03,MURA_TT_0400,SHARED,443
SPECIALIST_03,MURA_TT_1373,EXCLUSIVE,444
SPECIALIST_03,MURA_TT_1257,SHARED,445
SPECIALIST_03,MURA_TT_0171,EXCLUSIVE,446
SPECIALIST_03,MURA_TT_0466,EXCLUSIVE,447
SPECIALIST_03,MURA_TT_1458,EXCLUSIVE,448
SPECIALIST_03,MURA_TT_1485,EXCLUSIVE,449
SPECIALIST_03,MURA_TT_1456,EXCLUSIVE,450
SPECIALIST_03,MURA_TT_0291,EXCLUSIVE,451
SPECIALIST_03,MURA_TT_1242,EXCLUSIVE,452
SPECIALIST_03,MURA_TT_1030,EXCLUSIVE,453
SPECIALIST_03,MURA_TT_0999,EXCLUSIVE,454
SPECIALIST_03,MURA_TT_1628,EXCLUSIVE,455
SPECIALIST_03,MURA_TT_1531,EXCLUSIVE,456
SPECIALIST_03,MURA_TT_1292,EXCLUSIVE,457
SPECIALIST_03,MURA_TT_0131,EXCLUSIVE,458
SPECIALIST_03,MURA_TT_1579,EXCLUSIVE,459
SPECIALIST_03,MURA_TT_0563,EXCLUSIVE,460
SPECIALIST_03,MURA_TT_1394,EXCLUSIVE,461
SPECIALIST_03,MURA_TT_1862,EXCLUSIVE,462
SPECIALIST_03,MURA_TT_0078,EXCLUSIVE,463
SPECIALIST_03,MURA_TT_0070,EXCLUSIVE,464
SPECIALIST_03,MURA_TT_1363,EXCLUSIVE,465
SPECIALIST_03,MURA_TT_0161,EXCLUSIVE,466
SPECIALIST_03,MURA_TT_1789,EXCLUSIVE,467
SPECIALIST_03,MURA_TT_1696,EXCLUSIVE,468
SPECIALIST_03,MURA_TT_0817,EXCLUSIVE,469
SPECIALIST_03,MURA_TT_1358,EXCLUSIVE,470
SPECIALIST_03,MURA_TT_1564,EXCLUSIVE,471
SPECIALIST_03,MURA_TT_1673,EXCLUSIVE,472
SPECIALIST_03,MURA_TT_1236,SHARED,473
SPECIALIST_03,MURA_TT_1646,EXCLUSIVE,474
SPECIALIST_03,MURA_TT_1966,EXCLUSIVE,475
SPECIALIST_03,MURA_TT_0876,EXCLUSIVE,476
SPECIALIST_03,MURA_TT_0175,EXCLUSIVE,477
SPECIALIST_03,MURA_TT_0661,EXCLUSIVE,478
SPECIALIST_03,MURA_TT_0713,SHARED,479
SPECIALIST_03,MURA_TT_0901,SHARED,480
SPECIALIST_03,MURA_TT_1855,EXCLUSIVE,481
SPECIALIST_03,MURA_TT_1652,EXCLUSIVE,482
SPECIALIST_03,MURA_TT_0867,SHARED,483
SPECIALIST_03,MURA_TT_1835,SHARED,484
SPECIALIST_03,MURA_TT_0800,EXCLUSIVE,485
SPECIALIST_03,MURA_TT_0929,EXCLUSIVE,486
SPECIALIST_03,MURA_TT_0431,EXCLUSIVE,487
SPECIALIST_03,MURA_TT_0165,SHARED,488
SPECIALIST_03,MURA_TT_0734,EXCLUSIVE,489
SPECIALIST_03,MURA_TT_1194,EXCLUSIVE,490
SPECIALIST_03,MURA_TT_0482,SHARED,491
SPECIALIST_03,MURA_TT_1100,EXCLUSIVE,492
SPECIALIST_03,MURA_TT_1802,EXCLUSIVE,493
SPECIALIST_03,MURA_TT_1134,EXCLUSIVE,494
SPECIALIST_03,MURA_TT_0205,EXCLUSIVE,495
SPECIALIST_03,MURA_TT_0275,EXCLUSIVE,496
SPECIALIST_03,MURA_TT_1079,EXCLUSIVE,497
SPECIALIST_03,MURA_TT_1179,EXCLUSIVE,498
SPECIALIST_03,MURA_TT_1892,SHARED,499
SPECIALIST_03,MURA_TT_1691,EXCLUSIVE,500
SPECIALIST_03,MURA_TT_1209,EXCLUSIVE,501
SPECIALIST_03,MURA_TT_0055,EXCLUSIVE,502
SPECIALIST_03,MURA_TT_1915,SHARED,503
SPECIALIST_03,MURA_TT_0904,EXCLUSIVE,504
SPECIALIST_03,MURA_TT_1192,EXCLUSIVE,505
SPECIALIST_03,MURA_TT_0313,EXCLUSIVE,506
SPECIALIST_03,MURA_TT_0558,EXCLUSIVE,507
SPECIALIST_03,MURA_TT_1130,EXCLUSIVE,508
SPECIALIST_03,MURA_TT_0064,EXCLUSIVE,509
SPECIALIST_03,MURA_TT_0212,EXCLUSIVE,510
SPECIALIST_03,MURA_TT_1584,EXCLUSIVE,511
SPECIALIST_03,MURA_TT_1197,EXCLUSIVE,512
SPECIALIST_03,MURA_TT_1773,EXCLUSIVE,513
SPECIALIST_03,MURA_TT_1045,EXCLUSIVE,514
SPECIALIST_03,MURA_TT_0913,SHARED,515
SPECIALIST_03,MURA_TT_0989,SHARED,516
SPECIALIST_03,MURA_TT_1599,EXCLUSIVE,517
SPECIALIST_03,MURA_TT_0793,EXCLUSIVE,518
SPECIALIST_03,MURA_TT_1003,EXCLUSIVE,519
SPECIALIST_03,MURA_TT_0560,EXCLUSIVE,520
SPECIALIST_03,MURA_TT_0036,EXCLUSIVE,521
SPECIALIST_03,MURA_TT_0193,EXCLUSIVE,522
SPECIALIST_03,MURA_TT_1840,EXCLUSIVE,523
SPECIALIST_03,MURA_TT_1252,EXCLUSIVE,524
SPECIALIST_03,MURA_TT_1227,EXCLUSIVE,525
SPECIALIST_03,MURA_TT_1280,SHARED,526
SPECIALIST_03,MURA_TT_0738,EXCLUSIVE,527
SPECIALIST_03,MURA_TT_1098,SHARED,528
SPECIALIST_03,MURA_TT_1496,EXCLUSIVE,529
SPECIALIST_03,MURA_TT_1391,EXCLUSIVE,530
SPECIALIST_03,MURA_TT_0426,SHARED,531
SPECIALIST_03,MURA_TT_1187,EXCLUSIVE,532
SPECIALIST_03,MURA_TT_0899,EXCLUSIVE,533
SPECIALIST_03,MURA_TT_1968,EXCLUSIVE,534
SPECIALIST_03,MURA_TT_1065,EXCLUSIVE,535
SPECIALIST_03,MURA_TT_1671,EXCLUSIVE,536
SPECIALIST_03,MURA_TT_1873,EXCLUSIVE,537
SPECIALIST_03,MURA_TT_0784,EXCLUSIVE,538
SPECIALIST_03,MURA_TT_1695,EXCLUSIVE,539
SPECIALIST_03,MURA_TT_1762,EXCLUSIVE,540
SPECIALIST_03,MURA_TT_1002,EXCLUSIVE,541
SPECIALIST_03,MURA_TT_0554,EXCLUSIVE,542
SPECIALIST_03,MURA_TT_0810,EXCLUSIVE,543
SPECIALIST_03,MURA_TT_0227,EXCLUSIVE,544
SPECIALIST_03,MURA_TT_0631,EXCLUSIVE,545
SPECIALIST_03,MURA_TT_1905,EXCLUSIVE,546
SPECIALIST_03,MURA_TT_0228,SHARED,547
SPECIALIST_03,MURA_TT_1755,EXCLUSIVE,548
SPECIALIST_03,MURA_TT_0062,SHARED,549
SPECIALIST_03,MURA_TT_1119,SHARED,550
SPECIALIST_03,MURA_TT_1176,EXCLUSIVE,551
SPECIALIST_03,MURA_TT_0071,EXCLUSIVE,552
SPECIALIST_03,MURA_TT_1102,EXCLUSIVE,553
SPECIALIST_03,MURA_TT_1148,EXCLUSIVE,554
SPECIALIST_03,MURA_TT_0712,SHARED,555
SPECIALIST_03,MURA_TT_0534,EXCLUSIVE,556
SPECIALIST_03,MURA_TT_0667,EXCLUSIVE,557
SPECIALIST_03,MURA_TT_0549,EXCLUSIVE,558
SPECIALIST_03,MURA_TT_0789,EXCLUSIVE,559
SPECIALIST_03,MURA_TT_1293,EXCLUSIVE,560
SPECIALIST_03,MURA_TT_0460,EXCLUSIVE,561
SPECIALIST_03,MURA_TT_1438,SHARED,562
SPECIALIST_03,MURA_TT_1585,EXCLUSIVE,563
SPECIALIST_03,MURA_TT_1934,EXCLUSIVE,564
SPECIALIST_03,MURA_TT_1973,EXCLUSIVE,565
SPECIALIST_03,MURA_TT_0977,EXCLUSIVE,566
SPECIALIST_03,MURA_TT_1865,SHARED,567
SPECIALIST_03,MURA_TT_0310,SHARED,568
SPECIALIST_03,MURA_TT_0627,EXCLUSIVE,569
SPECIALIST_03,MURA_TT_0370,EXCLUSIVE,570
SPECIALIST_03,MURA_TT_1500,EXCLUSIVE,571
SPECIALIST_03,MURA_TT_0465,EXCLUSIVE,572
SPECIALIST_03,MURA_TT_1757,EXCLUSIVE,573
SPECIALIST_03,MURA_TT_1639,SHARED,574
SPECIALIST_03,MURA_TT_0814,SHARED,575
SPECIALIST_03,MURA_TT_0288,EXCLUSIVE,576
SPECIALIST_03,MURA_TT_0201,EXCLUSIVE,577
SPECIALIST_03,MURA_TT_1064,EXCLUSIVE,578
SPECIALIST_03,MURA_TT_1251,EXCLUSIVE,579
SPECIALIST_03,MURA_TT_1847,EXCLUSIVE,580
SPECIALIST_03,MURA_TT_1212,EXCLUSIVE,581
SPECIALIST_03,MURA_TT_1850,EXCLUSIVE,582
SPECIALIST_03,MURA_TT_0504,EXCLUSIVE,583
SPECIALIST_03,MURA_TT_0916,EXCLUSIVE,584
SPECIALIST_03,MURA_TT_0908,EXCLUSIVE,585
SPECIALIST_03,MURA_TT_0779,EXCLUSIVE,586
SPECIALIST_03,MURA_TT_0573,SHARED,587
SPECIALIST_03,MURA_TT_1771,EXCLUSIVE,588
SPECIALIST_03,MURA_TT_1051,EXCLUSIVE,589
SPECIALIST_03,MURA_TT_1493,EXCLUSIVE,590
SPECIALIST_03,MURA_TT_1150,EXCLUSIVE,591
SPECIALIST_03,MURA_TT_0361,SHARED,592
SPECIALIST_03,MURA_TT_1207,EXCLUSIVE,593
SPECIALIST_03,MURA_TT_1982,EXCLUSIVE,594
SPECIALIST_03,MURA_TT_0719,SHARED,595
SPECIALIST_03,MURA_TT_0094,SHARED,596
SPECIALIST_03,MURA_TT_1752,EXCLUSIVE,597
SPECIALIST_03,MURA_TT_0851,EXCLUSIVE,598
SPECIALIST_03,MURA_TT_1758,EXCLUSIVE,599
SPECIALIST_03,MURA_TT_1007,EXCLUSIVE,600
SPECIALIST_03,MURA_TT_0941,EXCLUSIVE,601
SPECIALIST_03,MURA_TT_1095,EXCLUSIVE,602
SPECIALIST_03,MURA_TT_0745,SHARED,603
SPECIALIST_03,MURA_TT_1143,EXCLUSIVE,604
SPECIALIST_03,MURA_TT_1916,EXCLUSIVE,605
SPECIALIST_03,MURA_TT_0469,EXCLUSIVE,606
SPECIALIST_03,MURA_TT_1026,EXCLUSIVE,607
SPECIALIST_03,MURA_TT_1203,EXCLUSIVE,608
SPECIALIST_03,MURA_TT_0016,EXCLUSIVE,609
SPECIALIST_03,MURA_TT_1538,EXCLUSIVE,610
SPECIALIST_03,MURA_TT_1682,EXCLUSIVE,611
SPECIALIST_03,MURA_TT_0956,EXCLUSIVE,612
SPECIALIST_03,MURA_TT_0140,EXCLUSIVE,613
SPECIALIST_03,MURA_TT_0822,SHARED,614
SPECIALIST_03,MURA_TT_1605,EXCLUSIVE,615
SPECIALIST_03,MURA_TT_1488,EXCLUSIVE,616
SPECIALIST_03,MURA_TT_1634,EXCLUSIVE,617
SPECIALIST_03,MURA_TT_0445,SHARED,618
SPECIALIST_03,MURA_TT_1956,EXCLUSIVE,619
SPECIALIST_03,MURA_TT_1863,EXCLUSIVE,620
SPECIALIST_03,MURA_TT_0139,EXCLUSIVE,621
SPECIALIST_03,MURA_TT_0892,SHARED,622
SPECIALIST_03,MURA_TT_0818,EXCLUSIVE,623
SPECIALIST_03,MURA_TT_1738,EXCLUSIVE,624
SPECIALIST_03,MURA_TT_1823,EXCLUSIVE,625
SPECIALIST_03,MURA_TT_1403,EXCLUSIVE,626
SPECIALIST_03,MURA_TT_1483,EXCLUSIVE,627
SPECIALIST_03,MURA_TT_1735,EXCLUSIVE,628
SPECIALIST_03,MURA_TT_0109,EXCLUSIVE,629
SPECIALIST_03,MURA_TT_0808,SHARED,630
SPECIALIST_03,MURA_TT_0329,EXCLUSIVE,631
SPECIALIST_03,MURA_TT_1138,EXCLUSIVE,632
SPECIALIST_03,MURA_TT_0610,EXCLUSIVE,633
SPECIALIST_03,MURA_TT_1700,EXCLUSIVE,634
SPECIALIST_03,MURA_TT_1412,EXCLUSIVE,635
SPECIALIST_03,MURA_TT_0144,EXCLUSIVE,636
SPECIALIST_03,MURA_TT_0731,EXCLUSIVE,637
SPECIALIST_03,MURA_TT_0660,EXCLUSIVE,638
SPECIALIST_03,MURA_TT_1604,SHARED,639
SPECIALIST_03,MURA_TT_0050,EXCLUSIVE,640
SPECIALIST_03,MURA_TT_1494,EXCLUSIVE,641
SPECIALIST_03,MURA_TT_1072,EXCLUSIVE,642
SPECIALIST_03,MURA_TT_0853,EXCLUSIVE,643
SPECIALIST_03,MURA_TT_1220,EXCLUSIVE,644
SPECIALIST_03,MURA_TT_1594,EXCLUSIVE,645
SPECIALIST_03,MURA_TT_0041,SHARED,646
SPECIALIST_03,MURA_TT_1219,SHARED,647
SPECIALIST_03,MURA_TT_0742,EXCLUSIVE,648
SPECIALIST_03,MURA_TT_1852,EXCLUSIVE,649
SPECIALIST_03,MURA_TT_0543,EXCLUSIVE,650
SPECIALIST_03,MURA_TT_0027,EXCLUSIVE,651
SPECIALIST_03,MURA_TT_0378,EXCLUSIVE,652
SPECIALIST_03,MURA_TT_0004,EXCLUSIVE,653
SPECIALIST_03,MURA_TT_1868,EXCLUSIVE,654
SPECIALIST_03,MURA_TT_1822,EXCLUSIVE,655
SPECIALIST_03,MURA_TT_1912,EXCLUSIVE,656
SPECIALIST_03,MURA_TT_1787,EXCLUSIVE,657
SPECIALIST_03,MURA_TT_0257,EXCLUSIVE,658
SPECIALIST_03,MURA_TT_1286,EXCLUSIVE,659
SPECIALIST_03,MURA_TT_1750,EXCLUSIVE,660
SPECIALIST_03,MURA_TT_1997,EXCLUSIVE,661
SPECIALIST_03,MURA_TT_1376,EXCLUSIVE,662
SPECIALIST_03,MURA_TT_0741,EXCLUSIVE,663
SPECIALIST_03,MURA_TT_1939,EXCLUSIVE,664
SPECIALIST_03,MURA_TT_1185,EXCLUSIVE,665
SPECIALIST_03,MURA_TT_1779,EXCLUSIVE,666
SPECIALIST_03,MURA_TT_0819,EXCLUSIVE,667
SPECIALIST_03,MURA_TT_1158,EXCLUSIVE,668
SPECIALIST_03,MURA_TT_0485,EXCLUSIVE,669
SPECIALIST_03,MURA_TT_0186,EXCLUSIVE,670
SPECIALIST_03,MURA_TT_1142,EXCLUSIVE,671
SPECIALIST_03,MURA_TT_0965,SHARED,672
SPECIALIST_03,MURA_TT_1701,EXCLUSIVE,673
SPECIALIST_03,MURA_TT_1470,EXCLUSIVE,674
SPECIALIST_03,MURA_TT_1356,EXCLUSIVE,675
SPECIALIST_03,MURA_TT_0511,SHARED,676
SPECIALIST_03,MURA_TT_1186,EXCLUSIVE,677
SPECIALIST_03,MURA_TT_0476,EXCLUSIVE,678
SPECIALIST_03,MURA_TT_0246,EXCLUSIVE,679
SPECIALIST_03,MURA_TT_1909,EXCLUSIVE,680
SPECIALIST_03,MURA_TT_1000,EXCLUSIVE,681
SPECIALIST_03,MURA_TT_0194,EXCLUSIVE,682
SPECIALIST_03,MURA_TT_1942,EXCLUSIVE,683
SPECIALIST_03,MURA_TT_1269,EXCLUSIVE,684
SPECIALIST_03,MURA_TT_1799,EXCLUSIVE,685
SPECIALIST_03,MURA_TT_1636,EXCLUSIVE,686
SPECIALIST_03,MURA_TT_1540,EXCLUSIVE,687
SPECIALIST_03,MURA_TT_1297,EXCLUSIVE,688
SPECIALIST_03,MURA_TT_1941,SHARED,689
SPECIALIST_03,MURA_TT_0292,EXCLUSIVE,690
SPECIALIST_03,MURA_TT_1490,SHARED,691
SPECIALIST_03,MURA_TT_1632,SHARED,692
SPECIALIST_03,MURA_TT_1282,EXCLUSIVE,693
SPECIALIST_03,MURA_TT_0065,EXCLUSIVE,694
SPECIALIST_03,MURA_TT_0597,EXCLUSIVE,695
SPECIALIST_03,MURA_TT_1879,EXCLUSIVE,696
SPECIALIST_03,MURA_TT_0594,EXCLUSIVE,697
SPECIALIST_03,MURA_TT_0705,EXCLUSIVE,698
SPECIALIST_03,MURA_TT_0389,SHARED,699
SPECIALIST_03,MURA_TT_1261,EXCLUSIVE,700
SPECIALIST_03,MURA_TT_1672,EXCLUSIVE,701
SPECIALIST_03,MURA_TT_1144,EXCLUSIVE,702
SPECIALIST_03,MURA_TT_1517,EXCLUSIVE,703
SPECIALIST_03,MURA_TT_0230,SHARED,704
SPECIALIST_03,MURA_TT_1104,EXCLUSIVE,705
SPECIALIST_03,MURA_TT_0971,EXCLUSIVE,706
SPECIALIST_03,MURA_TT_0994,EXCLUSIVE,707
SPECIALIST_03,MURA_TT_0022,EXCLUSIVE,708
SPECIALIST_03,MURA_TT_0947,EXCLUSIVE,709
SPECIALIST_03,MURA_TT_1901,EXCLUSIVE,710
SPECIALIST_03,MURA_TT_1899,SHARED,711
SPECIALIST_03,MURA_TT_0767,EXCLUSIVE,712
SPECIALIST_03,MURA_TT_0112,EXCLUSIVE,713
SPECIALIST_03,MURA_TT_1871,SHARED,714
SPECIALIST_03,MURA_TT_1819,EXCLUSIVE,715
SPECIALIST_03,MURA_TT_1625,EXCLUSIVE,716
SPECIALIST_03,MURA_TT_1229,EXCLUSIVE,717
SPECIALIST_03,MURA_TT_0467,EXCLUSIVE,718
SPECIALIST_03,MURA_TT_0701,EXCLUSIVE,719
SPECIALIST_03,MURA_TT_0434,EXCLUSIVE,720
SPECIALIST_03,MURA_TT_0255,EXCLUSIVE,721
SPECIALIST_03,MURA_TT_0115,EXCLUSIVE,722
SPECIALIST_03,MURA_TT_1658,EXCLUSIVE,723
SPECIALIST_03,MURA_TT_0976,SHARED,724
SPECIALIST_03,MURA_TT_1838,EXCLUSIVE,725
SPECIALIST_03,MURA_TT_0339,EXCLUSIVE,726
SPECIALIST_03,MURA_TT_0715,SHARED,727
SPECIALIST_03,MURA_TT_0813,EXCLUSIVE,728
SPECIALIST_03,MURA_TT_1037,EXCLUSIVE,729
SPECIALIST_03,MURA_TT_0493,EXCLUSIVE,730
SPECIALIST_03,MURA_TT_1552,EXCLUSIVE,731
SPECIALIST_03,MURA_TT_0412,EXCLUSIVE,732
SPECIALIST_03,MURA_TT_0679,SHARED,733
