annotation_case_id,region,cluster,sampling_zone,study_id
MURA_TT_0040,XR_ELBOW,5,central,train/XR_ELBOW/patient03844/study1_positive
MURA_TT_0041,XR_ELBOW,1,peripheral,train/XR_ELBOW/patient05016/study1_positive
MURA_TT_0056,XR_WRIST,3,intermediate,train/XR_WRIST/patient06480/study1_positive
MURA_TT_0058,XR_WRIST,2,peripheral,train/XR_WRIST/patient00189/study1_positive
MURA_TT_0062,XR_FOREARM,3,intermediate,train/XR_FOREARM/patient09221/study1_positive
MURA_TT_0075,XR_HAND,0,central,train/XR_HAND/patient08710/study1_positive
MURA_TT_0092,XR_WRIST,3,central,train/XR_WRIST/patient06451/study1_positive
MURA_TT_0094,XR_FINGER,0,central,train/XR_FINGER/patient03277/study1_positive
MURA_TT_0106,XR_HAND,3,central,train/XR_HAND/patient09847/study1_positive
MURA_TT_0165,XR_WRIST,8,central,train/XR_WRIST/patient07086/study1_positive
MURA_TT_0196,XR_FINGER,4,central,train/XR_FINGER/patient03604/study1_positive
MURA_TT_0215,XR_FOREARM,4,central,train/XR_FOREARM/patient09153/study1_positive
MURA_TT_0224,XR_HUMERUS,3,central,train/XR_HUMERUS/patient01856/study1_positive
MURA_TT_0228,XR_ELBOW,1,intermediate,train/XR_ELBOW/patient05446/study1_positive
MURA_TT_0230,XR_FINGER,2,intermediate,train/XR_FINGER/patient03566/study1_positive
MURA_TT_0258,XR_FOREARM,2,central,train/XR_FOREARM/patient09291/study1_positive
MURA_TT_0295,XR_FOREARM,1,central,train/XR_FOREARM/patient09148/study1_positive
MURA_TT_0310,XR_ELBOW,0,central,train/XR_ELBOW/patient05183/study1_positive
MURA_TT_0318,XR_SHOULDER,5,intermediate,train/XR_SHOULDER/patient00889/study1_positive
MURA_TT_0320,XR_SHOULDER,5,peripheral,train/XR_SHOULDER/patient01227/study1_positive
MURA_TT_0342,XR_FINGER,0,central,train/XR_FINGER/patient03255/study1_positive
MURA_TT_0353,XR_SHOULDER,3,intermediate,train/XR_SHOULDER/patient00124/study1_positive
MURA_TT_0361,XR_FINGER,4,intermediate,train/XR_FINGER/patient03473/study1_positive
MURA_TT_0389,XR_FOREARM,2,central,train/XR_FOREARM/patient09118/study1_positive
MURA_TT_0400,XR_FINGER,5,intermediate,train/XR_FINGER/patient03595/study1_positive
MURA_TT_0406,XR_HUMERUS,2,intermediate,train/XR_HUMERUS/patient02854/study1_positive
MURA_TT_0422,XR_FINGER,1,central,train/XR_FINGER/patient03600/study1_positive
MURA_TT_0426,XR_WRIST,5,central,train/XR_WRIST/patient01856/study1_positive
MURA_TT_0445,XR_SHOULDER,5,central,train/XR_SHOULDER/patient01355/study1_positive
MURA_TT_0457,XR_FINGER,1,central,train/XR_FINGER/patient03773/study1_positive
MURA_TT_0482,XR_SHOULDER,4,central,train/XR_SHOULDER/patient00217/study1_positive
MURA_TT_0511,XR_ELBOW,3,central,train/XR_ELBOW/patient05186/study1_positive
MURA_TT_0548,XR_WRIST,4,central,train/XR_WRIST/patient06602/study1_positive
MURA_TT_0564,XR_HAND,0,central,train/XR_HAND/patient10009/study1_positive
MURA_TT_0573,XR_SHOULDER,2,intermediate,train/XR_SHOULDER/patient01293/study1_positive
MURA_TT_0612,XR_FOREARM,1,central,train/XR_FOREARM/patient09266/study1_positive
MURA_TT_0657,XR_SHOULDER,1,central,train/XR_SHOULDER/patient00530/study2_positive
MURA_TT_0665,XR_HUMERUS,1,central,train/XR_HUMERUS/patient02871/study1_positive
MURA_TT_0679,XR_HAND,5,central,train/XR_HAND/patient09859/study1_positive
MURA_TT_0690,XR_WRIST,1,peripheral,train/XR_WRIST/patient06504/study1_positive
MURA_TT_0712,XR_SHOULDER,0,peripheral,train/XR_SHOULDER/patient01260/study1_positive
MURA_TT_0713,XR_HUMERUS,0,central,train/XR_HUMERUS/patient02873/study1_positive
MURA_TT_0715,XR_HAND,1,central,train/XR_HAND/patient09869/study1_positive
MURA_TT_0719,XR_FINGER,3,central,train/XR_FINGER/patient03443/study1_positive
MURA_TT_0745,XR_ELBOW,0,peripheral,train/XR_ELBOW/patient05434/study1_positive
MURA_TT_0773,XR_HUMERUS,2,central,train/XR_HUMERUS/patient02825/study1_positive
MURA_TT_0806,XR_HAND,2,central,train/XR_HAND/patient10027/study1_positive
MURA_TT_0808,XR_WRIST,1,central,train/XR_WRIST/patient06659/study1_positive
MURA_TT_0814,XR_ELBOW,2,central,train/XR_ELBOW/patient05174/study1_positive
MURA_TT_0822,XR_FOREARM,5,central,train/XR_FOREARM/patient09269/study1_positive
MURA_TT_0840,XR_HUMERUS,2,peripheral,train/XR_HUMERUS/patient01344/study1_positive
MURA_TT_0867,XR_FINGER,3,central,train/XR_FINGER/patient03697/study1_positive
MURA_TT_0892,XR_SHOULDER,3,peripheral,train/XR_SHOULDER/patient00307/study1_positive
MURA_TT_0901,XR_HAND,4,intermediate,train/XR_HAND/patient02679/study1_positive
MURA_TT_0910,XR_HUMERUS,3,peripheral,train/XR_HUMERUS/patient02747/study1_positive
MURA_TT_0913,XR_SHOULDER,2,peripheral,train/XR_SHOULDER/patient00625/study1_positive
MURA_TT_0920,XR_WRIST,7,central,train/XR_WRIST/patient06544/study1_positive
MURA_TT_0931,XR_SHOULDER,4,intermediate,train/XR_SHOULDER/patient00142/study1_positive
MURA_TT_0932,XR_WRIST,0,central,train/XR_WRIST/patient07119/study1_positive
MURA_TT_0949,XR_HAND,4,central,train/XR_HAND/patient09789/study1_positive
MURA_TT_0965,XR_SHOULDER,3,central,train/XR_SHOULDER/patient00846/study1_positive
MURA_TT_0976,XR_FINGER,5,peripheral,train/XR_FINGER/patient03374/study1_positive
MURA_TT_0981,XR_FOREARM,0,central,train/XR_FOREARM/patient01212/study1_positive
MURA_TT_0989,XR_HUMERUS,0,central,train/XR_HUMERUS/patient02870/study1_positive
MURA_TT_1031,XR_WRIST,8,intermediate,train/XR_WRIST/patient06381/study1_positive
MURA_TT_1062,XR_WRIST,6,central,train/XR_WRIST/patient06830/study1_positive
MURA_TT_1085,XR_WRIST,4,central,train/XR_WRIST/patient04568/study1_positive
MURA_TT_1098,XR_ELBOW,5,central,train/XR_ELBOW/patient05007/study1_positive
MURA_TT_1119,XR_ELBOW,0,intermediate,train/XR_ELBOW/patient05443/study1_positive
MURA_TT_1136,XR_WRIST,2,central,train/XR_WRIST/patient06968/study1_positive
MURA_TT_1169,XR_WRIST,8,peripheral,train/XR_WRIST/patient07309/study1_positive
MURA_TT_1219,XR_FINGER,2,central,train/XR_FINGER/patient03781/study1_positive
MURA_TT_1236,XR_FOREARM,3,peripheral,train/XR_FOREARM/patient03956/study1_positive
MURA_TT_1257,XR_WRIST,3,peripheral,train/XR_WRIST/patient05125/study1_positive
MURA_TT_1280,XR_WRIST,7,central,train/XR_WRIST/patient06364/study1_positive
MURA_TT_1300,XR_FINGER,4,peripheral,train/XR_FINGER/patient02094/study1_positive
MURA_TT_1304,XR_SHOULDER,0,intermediate,train/XR_SHOULDER/patient00044/study1_positive
MURA_TT_1311,XR_SHOULDER,1,central,train/XR_SHOULDER/patient00381/study1_positive
MURA_TT_1438,XR_ELBOW,4,intermediate,train/XR_ELBOW/patient05012/study1_positive
MURA_TT_1468,XR_HAND,1,central,train/XR_HAND/patient00008/study1_positive
MURA_TT_1474,XR_HUMERUS,3,intermediate,train/XR_HUMERUS/patient02808/study1_positive
MURA_TT_1490,XR_HAND,2,peripheral,train/XR_HAND/patient09897/study1_positive
MURA_TT_1524,XR_SHOULDER,0,central,train/XR_SHOULDER/patient00611/study1_positive
MURA_TT_1554,XR_SHOULDER,2,central,train/XR_SHOULDER/patient00091/study1_positive
MURA_TT_1591,XR_WRIST,8,intermediate,train/XR_WRIST/patient03005/study1_positive
MURA_TT_1604,XR_ELBOW,4,peripheral,train/XR_ELBOW/patient01057/study1_positive
MURA_TT_1632,XR_HAND,5,central,train/XR_HAND/patient09782/study1_positive
MURA_TT_1639,XR_WRIST,6,central,train/XR_WRIST/patient06559/study1_positive
MURA_TT_1668,XR_HAND,3,central,train/XR_HAND/patient09821/study1_positive
MURA_TT_1689,XR_ELBOW,2,central,train/XR_ELBOW/patient04925/study1_positive
MURA_TT_1740,XR_WRIST,1,intermediate,train/XR_WRIST/patient06982/study1_positive
MURA_TT_1809,XR_FOREARM,0,central,train/XR_FOREARM/patient09102/study1_positive
MURA_TT_1835,XR_FOREARM,5,central,train/XR_FOREARM/patient09141/study1_positive
MURA_TT_1865,XR_FOREARM,3,central,train/XR_FOREARM/patient09219/study1_positive
MURA_TT_1871,XR_WRIST,5,intermediate,train/XR_WRIST/patient07295/study1_positive
MURA_TT_1892,XR_SHOULDER,4,peripheral,train/XR_SHOULDER/patient00149/study1_positive
MURA_TT_1899,XR_ELBOW,4,central,train/XR_ELBOW/patient05060/study1_positive
MURA_TT_1915,XR_SHOULDER,5,peripheral,train/XR_SHOULDER/patient00248/study1_positive
MURA_TT_1941,XR_WRIST,5,peripheral,train/XR_WRIST/patient06616/study1_positive
MURA_TT_1986,XR_ELBOW,1,central,train/XR_ELBOW/patient05352/study1_positive
