region,k,ari_mean,ari_std,ari_min,ari_max
XR_ELBOW,2,0.9988014424939701,0.0009786181057186995,0.9980024041566168,1.0
XR_ELBOW,3,0.9911738443803788,0.004600115425796922,0.9838321288493374,1.0
XR_ELBOW,4,0.7909735782933712,0.13583331072313512,0.6590256987542054,0.9940457339743063
XR_ELBOW,5,0.9510839099624743,0.020002398930251304,0.92177711137627,0.98564523830961
XR_ELBOW,6,0.9802840753214321,0.0065833060695447585,0.9672994807693739,0.9899662822810814
XR_ELBOW,7,0.9702326730775276,0.01383909192252089,0.9482910220760342,0.990833576059067
XR_ELBOW,8,0.9454647141106681,0.013531092989105955,0.9273446925925438,0.9757807325789539
XR_ELBOW,9,0.8384949223133287,0.0759429009570449,0.7510278106585594,0.9638387193978324
XR_ELBOW,10,0.7707027004769512,0.0761385664209305,0.6508704214198344,0.935447839064036
XR_ELBOW,11,0.7811347948795115,0.08454071480643677,0.6164026352746155,0.9035252653305426
XR_ELBOW,12,0.7799177937216486,0.07917617716867868,0.6857671621503503,0.9348057099281447
XR_ELBOW,13,0.7477080215882419,0.07992218467001841,0.6742288441052395,0.8961234986880424
XR_ELBOW,14,0.7066127965436946,0.07424646778861259,0.6073863817106716,0.8351468954071115
XR_ELBOW,15,0.7218262823110236,0.07715960696815337,0.5796240721268917,0.8227890722720469
XR_FINGER,2,1.0,0.0,1.0,1.0
XR_FINGER,3,0.9972929491269829,0.002208766971278853,0.9939886033908788,1.0
XR_FINGER,4,0.9843420836888491,0.011857854805670063,0.9682675800909972,1.0
XR_FINGER,5,0.9429286481133611,0.035672279448272504,0.8945942051577148,0.989791505920691
XR_FINGER,6,0.8695580742519458,0.04440423237453029,0.7810571173233458,0.9485592076206785
XR_FINGER,7,0.8369690871234303,0.07655975790609021,0.7704748653127627,0.9953221723861173
XR_FINGER,8,0.7525120452560815,0.08984035170884291,0.6399849674070593,0.9196922646805682
XR_FINGER,9,0.7266305710047483,0.10262886294801338,0.626706501405963,0.9299487393762995
XR_FINGER,10,0.6959486132732905,0.06432412822594613,0.5962521618887999,0.8041931810151065
XR_FINGER,11,0.6863187868881886,0.07805872766638255,0.5668384130981736,0.8285504276473413
XR_FINGER,12,0.6430742495935905,0.05200281328357302,0.5723121074285786,0.7353394209286018
XR_FINGER,13,0.5932139975618238,0.06808330839332535,0.48650219217870083,0.7076618255217646
XR_FINGER,14,0.6052500018842619,0.05683643800923801,0.46673840373054754,0.6773439751737677
XR_FINGER,15,0.5769225222688176,0.03963814578486578,0.5184142031919071,0.6402269448508742
XR_FOREARM,2,1.0,0.0,1.0,1.0
XR_FOREARM,3,0.987872476421264,0.00701353507964618,0.9749445336814083,0.9947863331636833
XR_FOREARM,4,0.8414078702751395,0.11644660589857193,0.738687223637659,0.991156257315036
XR_FOREARM,5,0.7732007922196643,0.12914207148441678,0.6277853493675941,0.9738980957493137
XR_FOREARM,6,0.910729821513389,0.054445353246070104,0.8108026275675904,0.982168402620736
XR_FOREARM,7,0.8436056230105627,0.059342480071168054,0.7341172848358358,0.9116425347842272
XR_FOREARM,8,0.8050709461924249,0.06256953341778075,0.7182742691753864,0.8784364080634302
XR_FOREARM,9,0.8656022925622041,0.05907548047017482,0.7827828661582914,0.9346756943826892
XR_FOREARM,10,0.7128427707148892,0.06370250915926648,0.6106049814005797,0.8152926441590502
XR_FOREARM,11,0.6972363819229792,0.053375838054699705,0.6126645173890853,0.7661778612939414
XR_FOREARM,12,0.6517913692822845,0.06114256428209794,0.5092576771874022,0.7329065053923753
XR_FOREARM,13,0.6071151398432881,0.05020301966270048,0.5246067840283694,0.6646968394551018
XR_FOREARM,14,0.5850774547221342,0.04359313107265245,0.48655205304407695,0.6407013740125896
XR_FOREARM,15,0.5846140507927737,0.039953855147192456,0.537346802778297,0.65828575376557
XR_HAND,2,0.9956954211102051,0.0052720109187769084,0.9892385527755125,1.0
XR_HAND,3,0.9962166983334997,0.0022556626742834722,0.9916353611019245,1.0
XR_HAND,4,0.9806741741168118,0.011848279912909364,0.9661959335245383,1.0
XR_HAND,5,0.9885493886858825,0.005036333388626239,0.9804352146746846,0.9969629888568152
XR_HAND,6,0.965009220529297,0.015743249762167757,0.9390308948031169,0.9866440743009138
XR_HAND,7,0.9686569130928608,0.011043549117565287,0.9562624340628003,0.9854084552600474
XR_HAND,8,0.8133618622563544,0.04470274066253935,0.7560198730702251,0.8811873725769165
XR_HAND,9,0.7501618360561524,0.053888133613640844,0.6659960623634824,0.8123099930637748
XR_HAND,10,0.7412133403139454,0.0480809641022152,0.6632315338312417,0.8409301095710535
XR_HAND,11,0.6233450139861969,0.047099444398962936,0.5707254534909024,0.7003050282798485
XR_HAND,12,0.7068406608876137,0.059945267562887226,0.630762233937872,0.8351456504361205
XR_HAND,13,0.6876259559811736,0.059146799886356544,0.607492931519902,0.8055340832470983
XR_HAND,14,0.6693541496190034,0.0716233707898759,0.5365405467015999,0.8261674532239813
XR_HAND,15,0.547598323831471,0.03911188638153759,0.5049467957802372,0.6213012748729851
XR_HUMERUS,2,0.9643492637754466,0.02440148355591638,0.9149074242764765,1.0
XR_HUMERUS,3,0.957380180633191,0.02787862626083387,0.9225596684928892,1.0
XR_HUMERUS,4,0.8949380651772542,0.06488001370989716,0.8048482633949214,0.9898859002773739
XR_HUMERUS,5,0.6247717615195242,0.1715627907818435,0.4480526474361173,0.9277809180730292
XR_HUMERUS,6,0.6374630753344757,0.12278221896238949,0.48583493331174077,0.8304995843784192
XR_HUMERUS,7,0.6480023857378366,0.08114541533055157,0.5544976078491923,0.7758582918583015
XR_HUMERUS,8,0.6070205765607124,0.07293758594268647,0.4914027825782066,0.740257183401918
XR_HUMERUS,9,0.5286737626214932,0.03403235358577869,0.48326148777932776,0.573448429218435
XR_HUMERUS,10,0.5108818764404504,0.0579396037272883,0.4372153962796933,0.6040157112699687
XR_HUMERUS,11,0.5292994294319341,0.03503596336980733,0.47883973117066964,0.5786963570365068
XR_HUMERUS,12,0.44053811383554065,0.05676035166755651,0.3474045860061927,0.5251191595585172
XR_HUMERUS,13,0.4607672776740154,0.039333914726584485,0.4060906251130185,0.5193514102765522
XR_HUMERUS,14,0.4295677880378744,0.05014938672857128,0.32516837576244,0.512119334046382
XR_HUMERUS,15,0.4177047084215221,0.029260202541590244,0.35384445310945795,0.457365605947472
XR_SHOULDER,2,1.0,0.0,1.0,1.0
XR_SHOULDER,3,1.0,0.0,1.0,1.0
XR_SHOULDER,4,0.9978629752576564,0.0013933147992811169,0.9957629417118397,1.0
XR_SHOULDER,5,0.9862227277585047,0.008601956920624843,0.9730406074483616,0.9962716122479451
XR_SHOULDER,6,0.986327333721327,0.005874808894467996,0.9760683786961935,0.9944712334488989
XR_SHOULDER,7,0.9404861199929071,0.044895317183157674,0.8843323696364425,0.9870548367299771
XR_SHOULDER,8,0.7940240876271623,0.12430763570768825,0.6896424585919992,0.9864357866838294
XR_SHOULDER,9,0.8601102436969054,0.14810004571745608,0.6756118476432609,0.9900409277641634
XR_SHOULDER,10,0.8439528273260641,0.06709608653205937,0.7768907119110482,0.9606853270816483
XR_SHOULDER,11,0.8083573783151856,0.10876839287153613,0.7198805760195567,0.9766845029063325
XR_SHOULDER,12,0.8442208871970776,0.06017482352345685,0.7804501890337037,0.9493341427019852
XR_SHOULDER,13,0.7842584970188117,0.08167522183875696,0.6687799361630871,0.9361893142713323
XR_SHOULDER,14,0.7964099826251012,0.079562243581798,0.6884417398446884,0.9301959742534325
XR_SHOULDER,15,0.7734069245359674,0.050469834174391076,0.6827073888471636,0.8584504715906182
XR_WRIST,2,0.9939948729129465,0.0052541372863607405,0.985003795748126,1.0
XR_WRIST,3,0.9955540889343153,0.003887585656820401,0.9903767901760764,1.0
XR_WRIST,4,0.9823686805737036,0.007781629418543179,0.9689063268199706,0.9945712978526241
XR_WRIST,5,0.8692180211661954,0.09890033547655937,0.7029132596179692,0.9931892262204026
XR_WRIST,6,0.8206409541171971,0.1349123506328821,0.6432355859684573,0.992691513691549
XR_WRIST,7,0.8107715074373368,0.16026259922552352,0.5824067897068547,0.9887411450190965
XR_WRIST,8,0.9737591090699587,0.010059095780657959,0.9589282104766323,0.9891408419332586
XR_WRIST,9,0.9805437660091499,0.008742480773233993,0.9686471323795941,0.993697135023128
XR_WRIST,10,0.8098295337680106,0.1227718636883989,0.7025116921956265,0.9925967305654257
XR_WRIST,11,0.9658400540892471,0.013704108664670594,0.9428501345180514,0.9867827881495813
XR_WRIST,12,0.7758373658241446,0.09507709053533517,0.6053716800860849,0.9603903156923489
XR_WRIST,13,0.8500760653506905,0.05165940599186948,0.7849329595579585,0.9381304723065986
XR_WRIST,14,0.6426697768444131,0.0840982859423287,0.5336609751577209,0.7863209972273602
XR_WRIST,15,0.7419212224145332,0.027621006310809104,0.6906633287784177,0.77893844250946
