region,cluster,selected_images,unique_studies,central,intermediate,peripheral
XR_ELBOW,0,58,58,35,12,11
XR_ELBOW,1,67,67,40,14,13
XR_ELBOW,2,41,41,25,8,8
XR_ELBOW,3,14,14,8,3,3
XR_ELBOW,4,51,51,31,10,10
XR_ELBOW,5,47,47,28,10,9
XR_FINGER,0,45,45,27,9,9
XR_FINGER,1,40,40,24,8,8
XR_FINGER,2,49,49,29,10,10
XR_FINGER,3,41,41,25,8,8
XR_FINGER,4,52,52,31,11,10
XR_FINGER,5,48,48,29,10,9
XR_FOREARM,0,31,31,19,6,6
XR_FOREARM,1,25,25,15,5,5
XR_FOREARM,2,35,35,21,7,7
XR_FOREARM,3,56,56,34,11,11
XR_FOREARM,4,11,3,7,2,2
XR_FOREARM,5,29,29,17,6,6
XR_HAND,0,38,38,23,8,7
XR_HAND,1,45,45,27,9,9
XR_HAND,2,50,50,30,10,10
XR_HAND,3,20,20,12,4,4
XR_HAND,4,47,47,28,10,9
XR_HAND,5,43,43,26,9,8
XR_HUMERUS,0,42,42,25,9,8
XR_HUMERUS,1,13,5,8,3,2
XR_HUMERUS,2,62,62,37,13,12
XR_HUMERUS,3,66,66,40,13,13
XR_SHOULDER,0,71,71,43,14,14
XR_SHOULDER,1,39,39,23,8,8
XR_SHOULDER,2,82,82,49,17,16
XR_SHOULDER,3,77,77,46,16,15
XR_SHOULDER,4,52,52,31,11,10
XR_SHOULDER,5,102,102,61,21,20
XR_WRIST,0,12,8,7,3,2
XR_WRIST,1,52,52,31,11,10
XR_WRIST,2,47,47,28,10,9
XR_WRIST,3,52,52,31,11,10
XR_WRIST,4,38,38,23,8,7
XR_WRIST,5,59,59,35,12,12
XR_WRIST,6,40,40,24,8,8
XR_WRIST,7,21,21,13,4,4
XR_WRIST,8,90,90,54,18,18
